-- --------------------------------------------------------
-- Host:                         127.0.0.1
-- Server version:               8.0.30 - MySQL Community Server - GPL
-- Server OS:                    Win64
-- HeidiSQL Version:             12.1.0.6537
-- --------------------------------------------------------

/*!40101 SET @OLD_CHARACTER_SET_CLIENT=@@CHARACTER_SET_CLIENT */;
/*!40101 SET NAMES utf8 */;
/*!50503 SET NAMES utf8mb4 */;
/*!40103 SET @OLD_TIME_ZONE=@@TIME_ZONE */;
/*!40103 SET TIME_ZONE='+00:00' */;
/*!40014 SET @OLD_FOREIGN_KEY_CHECKS=@@FOREIGN_KEY_CHECKS, FOREIGN_KEY_CHECKS=0 */;
/*!40101 SET @OLD_SQL_MODE=@@SQL_MODE, SQL_MODE='NO_AUTO_VALUE_ON_ZERO' */;
/*!40111 SET @OLD_SQL_NOTES=@@SQL_NOTES, SQL_NOTES=0 */;


-- Dumping database structure for userlms
CREATE DATABASE IF NOT EXISTS `userlms` /*!40100 DEFAULT CHARACTER SET utf8mb4 COLLATE utf8mb4_0900_ai_ci */ /*!80016 DEFAULT ENCRYPTION='N' */;
USE `userlms`;

-- Dumping structure for table userlms.admin
CREATE TABLE IF NOT EXISTS `admin` (
  `name` varchar(50) CHARACTER SET utf32 COLLATE utf32_bin DEFAULT NULL,
  `id` varchar(50) CHARACTER SET utf32 COLLATE utf32_bin DEFAULT NULL,
  `email` varchar(50) CHARACTER SET utf32 COLLATE utf32_bin DEFAULT NULL,
  `contact` varchar(50) CHARACTER SET utf32 COLLATE utf32_bin DEFAULT NULL,
  `Password` varchar(50) CHARACTER SET utf32 COLLATE utf32_bin NOT NULL DEFAULT '0',
  `earnings` varchar(10000) CHARACTER SET utf32 COLLATE utf32_bin DEFAULT NULL,
  PRIMARY KEY (`Password`)
) ENGINE=InnoDB DEFAULT CHARSET=utf8mb4 COLLATE=utf8mb4_0900_ai_ci;

-- Dumping data for table userlms.admin: ~1 rows (approximately)
INSERT INTO `admin` (`name`, `id`, `email`, `contact`, `Password`, `earnings`) VALUES
	('Joanne', NULL, NULL, NULL, 'joanne', '180');

-- Dumping structure for table userlms.books
CREATE TABLE IF NOT EXISTS `books` (
  `Title` varchar(80) CHARACTER SET utf32 COLLATE utf32_bin DEFAULT NULL,
  `Author` varchar(80) CHARACTER SET utf32 COLLATE utf32_bin DEFAULT NULL,
  `ISBN` varchar(50) CHARACTER SET utf32 COLLATE utf32_bin DEFAULT NULL,
  `Category` varchar(50) CHARACTER SET utf32 COLLATE utf32_bin DEFAULT NULL,
  `status` varchar(30) CHARACTER SET utf32 COLLATE utf32_bin DEFAULT 'Available',
  `nr` varchar(50) CHARACTER SET utf32 COLLATE utf32_bin DEFAULT '0',
  `borrows` varchar(50) CHARACTER SET utf32 COLLATE utf32_bin DEFAULT NULL,
  `nb` varchar(50) CHARACTER SET utf32 COLLATE utf32_bin DEFAULT '0'
) ENGINE=InnoDB DEFAULT CHARSET=utf8mb4 COLLATE=utf8mb4_0900_ai_ci;

-- Dumping data for table userlms.books: ~15 rows (approximately)
INSERT INTO `books` (`Title`, `Author`, `ISBN`, `Category`, `status`, `nr`, `borrows`, `nb`) VALUES
	('Prentice Hall Geometry', 'Johnson Basss', '9780131339972', 'Mathematics', 'Available', '0', '19', '2'),
	('Calculus for AP: A Complete Course', 'Stewart Kokaska', '9781337282765', 'Mathematics', 'Available\r\n', '0', '1', '2'),
	('The Practice of Statistics', 'Starnes, Yates, Moore', '9781429262583', 'Mathematics', 'Available', '0', '0', '2'),
	('Workshop Statistics', 'Rossman,Chance', '9780132530828', 'Mathematics', 'Available', '0', '0', '2'),
	('Prentice Hall Algebra 2', 'Charles,  Hall, Kennedy', '9780132530828', 'Mathematics', 'Available', '0', '0', '2'),
	('Don Quixote', 'Miguel de Cervantes Saavedra, Tobias George Smollett', '9780486821955', 'English', 'Available', '0', '0', '2'),
	('Great expectations', 'Charles Dickens', '9780679405795', 'English', 'Available', '0', '0', '2'),
	('War and peace\r\n', 'Leo Tolstoy ', '9780679600848', 'English', 'Available', '0', '0', '2'),
	('Persuasion', 'Jane Austin', '9781407184470', 'English', 'Available', '0', '0', '2'),
	('The Da Vinci code : a novel', 'Dan Brown', '9780385504201', 'English', 'Available', '0', '3', '2'),
	('A Brief History of Time', 'Stephen Hawking', '9780553109535', 'Science', 'Available', '0', '1', '2'),
	('Cosmos', 'Carl Sagan', '9780394502946', 'Science', 'Available', '0', '0', '2'),
	('Why We Sleep', 'Matthew P. Walker', '9780141983769', 'Science', 'Available', '0', '5', '2'),
	('The Selfish Gene', 'Richard Dawkins', '9780199291144', 'Science', 'Available', '0', '0', '2'),
	('Nine Perfect Strangers', 'Liane Moriarty', '9781761266225', 'English', 'Available', '0', '9', '2');

-- Dumping structure for table userlms.borrows
CREATE TABLE IF NOT EXISTS `borrows` (
  `title` varchar(50) CHARACTER SET utf32 COLLATE utf32_bin DEFAULT NULL,
  `dob` varchar(50) CHARACTER SET utf32 COLLATE utf32_bin DEFAULT NULL,
  `dor` varchar(50) CHARACTER SET utf32 COLLATE utf32_bin DEFAULT NULL,
  `name` varchar(50) CHARACTER SET utf32 COLLATE utf32_bin DEFAULT NULL,
  `loan` varchar(50) DEFAULT NULL,
  `last_updated` varchar(50) CHARACTER SET utf32 COLLATE utf32_bin DEFAULT NULL,
  `overdueDays` varchar(50) CHARACTER SET utf32 COLLATE utf32_bin DEFAULT NULL
) ENGINE=InnoDB DEFAULT CHARSET=utf8mb4 COLLATE=utf8mb4_0900_ai_ci;

-- Dumping data for table userlms.borrows: ~1 rows (approximately)
INSERT INTO `borrows` (`title`, `dob`, `dor`, `name`, `loan`, `last_updated`, `overdueDays`) VALUES
	('Prentice Hall Geometry', '2024-06-09', '2024-06-16', 'Jonna', '0', NULL, '0');

-- Dumping structure for table userlms.history
CREATE TABLE IF NOT EXISTS `history` (
  `title` varchar(50) CHARACTER SET utf32 COLLATE utf32_bin DEFAULT NULL,
  `status` varchar(50) CHARACTER SET utf32 COLLATE utf32_bin DEFAULT NULL,
  `date` varchar(50) CHARACTER SET utf32 COLLATE utf32_bin DEFAULT NULL,
  `name` varchar(50) CHARACTER SET utf32 COLLATE utf32_bin DEFAULT NULL,
  `amount` varchar(50) DEFAULT NULL
) ENGINE=InnoDB DEFAULT CHARSET=utf8mb4 COLLATE=utf8mb4_0900_ai_ci;

-- Dumping data for table userlms.history: ~126 rows (approximately)
INSERT INTO `history` (`title`, `status`, `date`, `name`, `amount`) VALUES
	('Prentice Hall Geometry', 'Borrowed', '2024-05-29', 'Jonna', NULL),
	('Calculus for AP: A Complete Course', 'Borrowed', '2024-05-29', 'Jonna', NULL),
	('Prentice Hall Geometry', 'Overdue Paid', '2024-05-29', 'Jonna', '40'),
	('Calculus for AP: A Complete Course', 'Overdue Paid', '2024-05-29', 'Jonna', '40'),
	('random', 'Borrowed', '2024-05-30', 'Jonna', NULL),
	('random', 'Borrowed', '2024-05-30', 'Barbie', NULL),
	('random', 'Borrowed', '2024-05-30', 'Jonna', NULL),
	('random', 'Borrowed', '2024-05-30', 'Barbie', NULL),
	('random', 'Reserved', '2024-05-30', 'Cryzza', NULL),
	('random', 'Reservation Cancelled', '2024-05-30', 'Cryzza', NULL),
	('random', 'Borrowed', '2024-05-30', 'Jonna', NULL),
	('random', 'Borrowed', '2024-05-30', 'Barbie', NULL),
	('random', 'Reserved', '2024-05-30', 'Cryzza', NULL),
	('random', 'Request Return', '2024-05-30', 'Jonna', NULL),
	('random', 'Request Return', '2024-05-30', 'Barbie', NULL),
	('random', 'Returned', '2024-05-30', 'Barbie', NULL),
	('random', 'Borrowed', '2024-05-30', 'Jonna', NULL),
	('random', 'Borrowed', '2024-05-30', 'Barbie', NULL),
	('Prentice Hall Geometry', 'Borrowed', '2024-05-30', 'Jonna', NULL),
	('The Da Vinci code : a novel', 'Borrowed', '2024-05-30', 'Jonna', NULL),
	('The Da Vinci code : a novel', 'Borrowed', '2024-05-30', 'Barbie', NULL),
	('The Da Vinci code : a novel', 'Reserved', '2024-05-30', 'Cryzza', NULL),
	('Prentice Hall Geometry', 'Request Return', '2024-05-30', 'Jonna', NULL),
	('The Da Vinci code : a novel', 'Request Return', '2024-05-30', 'Jonna', NULL),
	('The Da Vinci code : a novel', 'Returned', '2024-05-30', 'Jonna', NULL),
	('Prentice Hall Geometry', 'Returned', '2024-05-30', 'Jonna', NULL),
	('The Da Vinci code : a novel', 'Request Return', '2024-05-30', 'Barbie', NULL),
	('The Da Vinci code : a novel', 'Returned', '2024-05-30', 'Barbie', NULL),
	('The Da Vinci code : a novel', 'Borrowed', '2024-05-30', 'Cryzza', NULL),
	('A Brief History of Time', 'Borrowed', '2024-05-30', 'Jonna', NULL),
	('Nine Perfect Strangers', 'Borrowed', '2024-05-30', 'Jonna', NULL),
	('Nine Perfect Strangers', 'Borrowed', '2024-05-30', 'Barbie', NULL),
	('Nine Perfect Strangers', 'Reserved', '2024-05-30', 'Cryzza', NULL),
	('Nine Perfect Strangers', 'Request Return', '2024-05-30', 'Jonna', NULL),
	('Nine Perfect Strangers', 'Returned', '2024-05-30', 'Jonna', NULL),
	('Nine Perfect Strangers', 'Request Return', '2024-05-30', 'Barbie', NULL),
	('Nine Perfect Strangers', 'Returned', '2024-05-30', 'Barbie', NULL),
	('Nine Perfect Strangers', 'Borrowed', '2024-05-30', 'Cryzza', NULL),
	('Prentice Hall Geometry', 'Borrowed', '2024-05-30', 'Jonna', NULL),
	('Prentice Hall Geometry', 'Borrowed', '2024-05-30', 'Barbie', NULL),
	('Prentice Hall Geometry', 'Reserved', '2024-05-30', 'Cryzza', NULL),
	('Prentice Hall Geometry', 'Request Return', '2024-05-30', 'Jonna', NULL),
	('Prentice Hall Geometry', 'Returned', '2024-05-30', 'Jonna', NULL),
	('Prentice Hall Geometry', 'Request Return', '2024-05-30', 'Barbie', NULL),
	('Prentice Hall Geometry', 'Returned', '2024-05-30', 'Barbie', NULL),
	('Prentice Hall Geometry', 'Borrowed', '2024-05-30', 'Jonna', NULL),
	('Prentice Hall Geometry', 'Borrowed', '2024-05-30', 'Barbie', NULL),
	('Prentice Hall Geometry', 'Reserved', '2024-05-30', 'Cryzza', NULL),
	('Prentice Hall Geometry', 'Request Return', '2024-05-30', 'Jonna', NULL),
	('Prentice Hall Geometry', 'Returned', '2024-05-30', 'Jonna', NULL),
	('Prentice Hall Geometry', 'Request Return', '2024-05-30', 'Barbie', NULL),
	('Prentice Hall Geometry', 'Returned', '2024-05-30', 'Barbie', NULL),
	('Prentice Hall Geometry', 'Borrowed', '2024-05-30', 'Cryzza', NULL),
	('Prentice Hall Geometry', 'Borrowed', '2024-05-30', 'Jonna', NULL),
	('Prentice Hall Geometry', 'Borrowed', '2024-05-30', 'Barbie', NULL),
	('Prentice Hall Geometry', 'Reserved', '2024-05-30', 'Cryzza', NULL),
	('Prentice Hall Geometry', 'Request Return', '2024-05-30', 'Jonna', NULL),
	('Prentice Hall Geometry', 'Request Return', '2024-05-30', 'Barbie', NULL),
	('Prentice Hall Geometry', 'Returned', '2024-05-30', 'Jonna', NULL),
	('Prentice Hall Geometry', 'Returned', '2024-05-30', 'Barbie', NULL),
	('Prentice Hall Geometry', 'Borrowed', '2024-05-30', 'Cryzza', NULL),
	('Prentice Hall Geometry', 'Borrowed', '2024-05-30', 'Jonna', NULL),
	('Prentice Hall Geometry', 'Borrowed', '2024-05-30', 'Barbie', NULL),
	('Prentice Hall Geometry', 'Reserved', '2024-05-30', 'Cryzza', NULL),
	('Prentice Hall Geometry', 'Request Return', '2024-05-30', 'Jonna', NULL),
	('Prentice Hall Geometry', 'Request Return', '2024-05-30', 'Barbie', NULL),
	('Prentice Hall Geometry', 'Returned', '2024-05-30', 'Jonna', NULL),
	('Prentice Hall Geometry', 'Returned', '2024-05-30', 'Barbie', NULL),
	('Prentice Hall Geometry', 'Borrowed', '2024-05-30', 'Cryzza', NULL),
	('Prentice Hall Geometry', 'Borrowed', '2024-05-30', 'Barbie', NULL),
	('Prentice Hall Geometry', 'Reserved', '2024-05-30', 'Jonna', NULL),
	('Prentice Hall Geometry', 'Reserved', '2024-05-30', 'Christine ', NULL),
	('Prentice Hall Geometry', 'Request Return', '2024-05-30', 'Barbie', NULL),
	('Prentice Hall Geometry', 'Returned', '2024-05-30', 'Barbie', NULL),
	('Nine Perfect Strangers', 'Borrowed', '2024-05-30', 'Jonna', NULL),
	('Nine Perfect Strangers', 'Borrowed', '2024-05-30', 'Barbie', NULL),
	('Nine Perfect Strangers', 'Reserved', '2024-05-30', 'Christine ', NULL),
	('Nine Perfect Strangers', 'Reserved', '2024-05-30', 'Cryzza', NULL),
	('Nine Perfect Strangers', 'Request Return', '2024-05-30', 'Jonna', NULL),
	('Nine Perfect Strangers', 'Request Return', '2024-05-30', 'Barbie', NULL),
	('Nine Perfect Strangers', 'Returned', '2024-05-30', 'Jonna', NULL),
	('Nine Perfect Strangers', 'Returned', '2024-05-30', 'Barbie', NULL),
	('Nine Perfect Strangers', 'Borrowed', '2024-05-30', 'Christine ', NULL),
	('Prentice Hall Geometry', 'Borrowed', '2024-05-30', 'Jonna', NULL),
	('Prentice Hall Geometry', 'Borrowed', '2024-05-30', 'Barbie', NULL),
	('Prentice Hall Geometry', 'Borrowed', '2024-05-30', 'Christine ', NULL),
	('Prentice Hall Geometry', 'Reserved', '2024-05-30', 'Cryzza', NULL),
	('Prentice Hall Geometry', 'Reserved', '2024-05-30', 'John', NULL),
	('Prentice Hall Geometry', 'Request Return', '2024-05-30', 'Jonna', NULL),
	('Prentice Hall Geometry', 'Returned', '2024-05-30', 'Jonna', NULL),
	('Prentice Hall Geometry', 'Request Return', '2024-05-30', 'Barbie', NULL),
	('Prentice Hall Geometry', 'Request Return', '2024-05-30', 'Christine ', NULL),
	('Prentice Hall Geometry', 'Returned', '2024-05-30', 'Barbie', NULL),
	('Prentice Hall Geometry', 'Returned', '2024-05-30', 'Christine ', NULL),
	('Prentice Hall Geometry', 'Borrowed', '2024-05-30', 'Cryzza', NULL),
	('Prentice Hall Geometry', 'Overdue Paid', '2024-05-30', 'Cryzza', '40'),
	('Prentice Hall Geometry', 'Overdue Paid', '2024-05-30', 'Cryzza', '40'),
	('Nine Perfect Strangers', 'Borrowed', '2024-05-30', 'Jonna', NULL),
	('Nine Perfect Strangers', 'Borrowed', '2024-05-30', 'Barbie', NULL),
	('Nine Perfect Strangers', 'Reserved', '2024-05-30', 'Christine ', NULL),
	('Nine Perfect Strangers', 'Request Return', '2024-05-30', 'Jonna', NULL),
	('Nine Perfect Strangers', 'Returned', '2024-05-30', 'Jonna', NULL),
	('Nine Perfect Strangers', 'Borrowed', '2024-05-30', 'Christine ', NULL),
	('Why We Sleep', 'Borrowed', '2024-05-30', 'Jonna', NULL),
	('Why We Sleep', 'Borrowed', '2024-05-30', 'Barbie', NULL),
	('Why We Sleep', 'Reserved', '2024-05-30', 'Christine ', NULL),
	('Why We Sleep', 'Reserved', '2024-05-30', 'Cryzza', NULL),
	('Why We Sleep', 'Request Return', '2024-05-30', 'Jonna', NULL),
	('Why We Sleep', 'Returned', '2024-05-30', 'Jonna', NULL),
	('Why We Sleep', 'Request Return', '2024-05-30', 'Barbie', NULL),
	('Why We Sleep', 'Returned', '2024-05-30', 'Barbie', NULL),
	('Why We Sleep', 'Reservation Cancelled', '2024-05-30', 'Cryzza', NULL),
	('Why We Sleep', 'Reservation Cancelled', '2024-05-30', 'Christine ', NULL),
	('Why We Sleep', 'Borrowed', '2024-05-30', 'Jonna', NULL),
	('Why We Sleep', 'Borrowed', '2024-05-30', 'Barbie', NULL),
	('Why We Sleep', 'Reserved', '2024-05-30', 'Christine ', NULL),
	('Why We Sleep', 'Reserved', '2024-05-30', 'Cryzza', NULL),
	('Why We Sleep', 'Request Return', '2024-05-30', 'Jonna', NULL),
	('Why We Sleep', 'Returned', '2024-05-30', 'Jonna', NULL),
	('Why We Sleep', 'Borrowed', '2024-05-30', 'Christine ', NULL),
	('Prentice Hall Geometry', 'Borrowed', '2024-06-03', 'Jonna', NULL),
	('Prentice Hall Geometry', 'Request Return', '2024-06-03', 'Jonna', NULL),
	('Prentice Hall Geometry', 'Returned', '2024-06-03', 'Jonna', NULL),
	('Why We Sleep', 'Overdue Paid', '2024-06-09', 'Barbie', '10'),
	('Prentice Hall Geometry', 'Borrowed', '2024-06-09', 'Jonna', NULL),
	('Prentice Hall Geometry', 'Overdue Paid', '2024-06-09', 'Jonna', '10');

-- Dumping structure for table userlms.librarian
CREATE TABLE IF NOT EXISTS `librarian` (
  `User` varchar(50) CHARACTER SET utf32 COLLATE utf32_bin DEFAULT NULL,
  `Id` varchar(50) DEFAULT NULL,
  `Email` varchar(50) CHARACTER SET utf32 COLLATE utf32_bin DEFAULT NULL,
  `Contact` varchar(50) DEFAULT NULL,
  `Password` varchar(50) CHARACTER SET utf32 COLLATE utf32_bin DEFAULT NULL,
  `earnings` varchar(10000) CHARACTER SET utf32 COLLATE utf32_bin DEFAULT NULL
) ENGINE=InnoDB DEFAULT CHARSET=utf8mb4 COLLATE=utf8mb4_0900_ai_ci;

-- Dumping data for table userlms.librarian: ~1 rows (approximately)
INSERT INTO `librarian` (`User`, `Id`, `Email`, `Contact`, `Password`, `earnings`) VALUES
	('Mikaela', NULL, NULL, NULL, 'mikaela', '180');

-- Dumping structure for table userlms.notifs
CREATE TABLE IF NOT EXISTS `notifs` (
  `notif` varchar(300) CHARACTER SET utf8mb4 COLLATE utf8mb4_0900_ai_ci DEFAULT NULL,
  `name` varchar(50) DEFAULT NULL
) ENGINE=InnoDB DEFAULT CHARSET=utf8mb4 COLLATE=utf8mb4_0900_ai_ci;

-- Dumping data for table userlms.notifs: ~0 rows (approximately)

-- Dumping structure for table userlms.reservation
CREATE TABLE IF NOT EXISTS `reservation` (
  `title` varchar(50) CHARACTER SET utf32 COLLATE utf32_bin DEFAULT NULL,
  `dor` varchar(50) CHARACTER SET utf32 COLLATE utf32_bin DEFAULT NULL,
  `rn` varchar(50) CHARACTER SET utf32 COLLATE utf32_bin DEFAULT NULL,
  `name` varchar(50) CHARACTER SET utf32 COLLATE utf32_bin DEFAULT NULL,
  `sched` varchar(50) DEFAULT NULL
) ENGINE=InnoDB DEFAULT CHARSET=utf8mb4 COLLATE=utf8mb4_0900_ai_ci;

-- Dumping data for table userlms.reservation: ~0 rows (approximately)

-- Dumping structure for table userlms.reserves
CREATE TABLE IF NOT EXISTS `reserves` (
  `name` varchar(50) DEFAULT NULL,
  `title` varchar(50) DEFAULT NULL,
  `nr` varchar(50) DEFAULT NULL
) ENGINE=InnoDB DEFAULT CHARSET=utf8mb4 COLLATE=utf8mb4_0900_ai_ci;

-- Dumping data for table userlms.reserves: ~0 rows (approximately)

-- Dumping structure for table userlms.returns
CREATE TABLE IF NOT EXISTS `returns` (
  `name` varchar(50) DEFAULT NULL,
  `title` varchar(50) DEFAULT NULL,
  `dob` varchar(50) DEFAULT NULL,
  `dor` varchar(50) DEFAULT NULL
) ENGINE=InnoDB DEFAULT CHARSET=utf8mb4 COLLATE=utf8mb4_0900_ai_ci;

-- Dumping data for table userlms.returns: ~0 rows (approximately)

-- Dumping structure for table userlms.userinfo
CREATE TABLE IF NOT EXISTS `userinfo` (
  `name` varchar(50) CHARACTER SET utf32 COLLATE utf32_bin DEFAULT NULL,
  `role` varchar(30) CHARACTER SET utf32 COLLATE utf32_bin DEFAULT NULL,
  `number` varchar(1) CHARACTER SET utf32 COLLATE utf32_bin DEFAULT NULL,
  `email` varchar(50) CHARACTER SET utf32 COLLATE utf32_bin DEFAULT NULL,
  `Password` varchar(30) CHARACTER SET utf32 COLLATE utf32_bin NOT NULL DEFAULT '',
  `id` varchar(50) CHARACTER SET utf32 COLLATE utf32_bin DEFAULT NULL,
  `Contact` varchar(20) CHARACTER SET utf32 COLLATE utf32_bin DEFAULT NULL,
  `loan` varchar(50) CHARACTER SET utf32 COLLATE utf32_bin DEFAULT NULL,
  `images` blob,
  PRIMARY KEY (`Password`)
) ENGINE=InnoDB DEFAULT CHARSET=utf8mb4 COLLATE=utf8mb4_0900_ai_ci;

-- Dumping data for table userlms.userinfo: ~8 rows (approximately)
INSERT INTO `userinfo` (`name`, `role`, `number`, `email`, `Password`, `id`, `Contact`, `loan`, `images`) VALUES
	('Barbie', 'Student', '1', 'barbiekylei@gmail.com', 'barbie', '1349589', '09472100294', '0', _binary 0x89504e470d0a1a0a0000000d494844520000006e0000006e0806000000c65b26fb00007f9749444154785e64bde57b5b59d6c49be90e999999999999d99651469999999921cc1d4e27e94033cfcc73ef3f56b7d696e5ce3bf7c37a8ea4b8134bbf536b55edb38ffad25a5b25565b2bb0d65685b5d66a2c6b2bb0d2528ef5763e6f2ec74633ffaca91ccb0d7cbdb1928fabf85a0db65a6b79acc2666b0db6db34d862ede86ab1dec19f69afc07617ffbca31a9b1d557cbd06bb9d35d8d33562b7a38155877d3e5eeded41cfe820baa71750db3384ecaa06d87a05c3d2d90766f61e30b1748129ebbaa9034c2c9c606ee38cebe6b67c6c07730b0758b24c4d6df9d80ef676ce70b077829ba30bfcdd3c11e2e58df8007f14468743931487c6d424e8f232d19695066d72029a13e3511d1682cae04094f9fba2383800893e5e88f0f64690a70f7c1cdde1c8bfcfc28a7fbf35ff7d733b18f3df36b67282a58307ecdd03e0111a0befd814f8c624213c350b91c9e9f0f10d44444020b2228391e2e98cce823474e6a5607f508783a12ecc355563a9a501fdc579d8e9d3e1d6f4306e4e0de1dee218cea6fa5903389b1cc44d797d7604b7e64655dd9819c6d9f4104ea706555d12684bda5242abc26a4b159608495e33805bd7f2796319d6b4d55825b4751ea504de86c06bab63d562ada506eb84b74e489b84b6dd5da7c0ed74d662bfbb1e5bed350ada367f7ebfab813fd38cc9c141744e8ea3baa70fc9651a7884c5c3c2d51fd76c5d614a70d68edeb0b6f782959d272c6ddd61c30fccd2d60556d6ceb0b175e6d11e8e762ef076734780972722fc7c9114128cccf050e48485a23c2e16d504a4cd4c4377611e7a0bb3d191998cee6c7e98e949e84c49842e2116ed3151688f8a417550108afd0390ebed8f64572f783b3bc3dac191ffa613aced5c6161ed04234b4798c8bfefe20b079f10f8c6a7c13f2e053199f98849cb86a757005c6c1d901e118c9c402f54c786a031290233b5e5381debc34e6f1be69b3498aaadc4bc5683d3f17edc9e19c19df91105ee74b25f813b9d18c0c9e4006ecf8f29605f960227ea5a6c2ac10a95a5a0b55462b9b94ca96e8db5dd5e4d68150adcbac06ad1a892c7eb04b6d9518f8df63afd914ada2294adae46a5decd8e5a6ce9eab1dd4995f1b55d9d1edc5e6723967adad0393080f2ce2ec45754c22b3e054e415130223073571f38f985c1c13d10ee3ea170f30e86ab67206cec5d616e650f6b2ac0d1de11ee4e0e08f7f242766828f223c250121381caf82834a426409b958c8e824c34e7105a712efa4b0b3058928361d6407e06ba096e283b1d236929184c4e44774c0c3aa3a3d1121e86daa04014fb7a23c1d30d01ee6e70767081a595034f1c5758dabbc1c44a003ac1c6c30fae11b1f08b4d46645a0e62337211121a0d074b7b04b9b8a1382c18797e6e684a8e4473720c4e477a704cd56d75b762a5bd1183a579d8ea69c60d01344785cd0ce2d6ec306ecf8ef2f1b0027883a0447906f5199477499425b5dc2cd0f4aa13c5a976d95aae54b7d258aec0a912786da234aaac5543288d0a9a40dc22989dae26f59a3c96d7e528b5dbadc5414f13a1f1cfbbb498e8e940cb603fd26aea10925f008788685c77f68285873fbcc2e3e148708e3ca3bd42a2e0ea13c836e900336b5b9ef576707274869fb32b527d03501e1d87ba847834a7a7a0363116ad84d1599043856563a4aa0483158518aa2cc2281f8f571762ac221f6304395a908de9a27c4ce5e762282315c354a5542fdba828b0392a1c95817e4875734188bd1d3c6c6d6167650327073758b3655bdbb9c1c6dd179ed1f1545c32c2523211979907ffa070d8139cb3a925123cdc901be8818a081fd4c404f273ae27b84eb6cd4eac776ab1c0cf72a83c972d54a7c0dd98963649a58dffa33aa9332aeccec2b82a8126101538fd9cab3c875645f595eb4152791b7cbeced74561d22a05d62a6b93300c4a1330ff0b509ecb9f1bc0edf1cc3aec6d26382d5675ade86cef41614333220b8ae09791098b8060388446c12f2e157e31c9084ac840705c1a3c44798e1eb0a2d21c1c9c38c79ce1e5e88a44ce92aab804b464665251f9e82f2b426f493e06cb8b315a5d4e486598aeabe24cd160ae5183d9866a4c6a4a305bcbd7ab4b30439053658598ade4e3f2224cf2bf95e79345b918484f462fe7622be75475880f723d1d90e8648b00ce3b170b5b38b175dab0659b517dde51f1700f8b4648623a22923210181c097baad3d1d2166ed6d6fc3d3d91efeb86e6d468f4e4a5e264b80b4754de6e7f073678028f561560b3bb1977e64694e2049c61ee89f2144079ed0bb529c5a936296d91f0d49100579a2b09a086ad9220d926375aced526ed52c0719e094003b4ff5599e1f997258a931679c0e36aa70e9555cd48afac434245153c1292e0199f8ce8fc12c4e497222c3d0fc925d58849cf67ab0c819393175ba32bfcdc3c10e4ea898cc050d4a7b205161560a4ba82558ed19a0a4c37d662b2ae9ab0eab1d050c7f7d1c4dfb389673affcd569aa1e63a9e7c1a2c6a38163863a4166aca314fc833650598ab28c24c693e260ab3309c938aded418b4c607b175baa0cad71599ce8e88b0b5860f679803cd8b25d5e71916039fc87884a76421202a013e7ea1b0b324380bce5f732b043bbba08cedb73e8126292658819359778340f606746c990d98d094e24cd4254ae351a0093ca93b84778b3350669dc1a828c5c93c53e684e0f4a56f971bed042345809b6dfab926658066002740049401e27e6fcb054c519cfcb9e1f95e573d7fae112d15d5482d2a436a752da28a4a10929387183e4fa9a8a549a9416c5e29f2ea5a10498001910970f70c40a05720e2824291e81f4868e9e82b2dc65483060b0432d7dca06ab14d8bf5ae766cf576f2df69e309d3c1b6cce79dadaad65ba9feb646ac37b1cd5385026e99aa1490cb340f8b352598af2ac26c451e460bd33194cb399918828e187f3404b9a3942e31dbc11e910ece707672879d9ac5342804268af3e7d183bfab0da1599b58c3ced406beec0ed9344c9554af36390a93d5450a90a8ee8400a5654eb20b2cb6d42a9852024e8e024e1997393d34519c1813056ea5b184676119db6185aad566515db5aa751a13b1f55b3a3d280120476987863628600c700ce0e4b94169024c4163ab3c90d6505b854c3ab0b8a252a4d46a90584588b575c8ac6b42664d23d2abea51d2dc89ecea4624527d2109e9080e8d4152581c0a62e251919488e1da6a4c13d4527b33d6badbb1d9a353c076fabbb13bd0a3eab0bf57d5015fdbefe35ce9d5f1f7d17236d7b373d05835f1046cacc1723d4fd47ac620c25bac29d58363fb9a56f0686292a3d115178656b6cc6a7767143a3b218a33d69dca7770f3e62c0ea239494248523a7fd754b8d36dda129c0de3832dcbcdde050174a665e13c01b21351171fcab9d58593893eb6bc61ec71de4d109cc484e3d15e0555c089d2ee2e8c71eeb17d4e0b2c89077a4729002f6dd497628be6639d965facbf9811058d4adb20b89d6e01a4b9986706685fb644031cc32c333c969fbb689302aebb059af44cc470162457d522adbe01198d4dc86e6e414e430bf21bdb90c6f6d93438811c82cb60bb8ccf2c447272260a12d2509198880e3114cc41ab3dedd81decc506a16df7752995edf1f9c938cfca89119c0c0de86bb81f87037a783b3c7136681004de761bdb7a0bdf470bbb80966db596edb386dd47538605cec289d21c8c1564d0b024a32b260c1da1bed0fa7aa1d4cd1989ee9ef0f5f085bb375d6f7004735c2242923310c92ce768e30a1b333b58119a8db44c1b270439b92285eeb4363192f120104bec6ca7b4fe2704b4cfd6b9c8df47e0ed70ee893111b589d26ecf8b9394b926334e0f4e2282de9c34b24d3694f0ece391ca13f56d7688baa8b44e1e199c77baf566c3a0b6ff8566689702474a3d3f2f796e50e17c633532231290985b8282d64e14b57721b7b90d451d5d28d0b623a74e8ba2e60ed474f7239d2d33a3a812c95925c865cbace119dd919d8d71b6c7f90eb6445110d574303c80fda13e1efb2fc0dd98645be1f1e6f88802773cd48b23c23be86bc71e4f9e6d9d966380e0d83a379bd9e259ab75957a786c99b35585aa268bb331969d8a81c418f4125e4b800fca5c9d90e8ea015f371fb6707ff870c67946c6229c192e9891c68e86c592d0ac2cf4f0ece8303dec9c10e6e282d2a850b465c54397974018fd4a3d279c69eb3d2d986ee0cc25c043b650c36c93507e6761548113d0024ee282a8ef92a86c85e064856493194e9eaff38c50e1b95ba314b7d3a5578fc17c7c693a0cc094da0848dce696bcde4370749107fd6d381aec507fd69a978d84b87466b75e14b775a1b4a30765ba5e752c24b08cea3a687afb51a4d522bfa61679151ae4e495a322a7085d05c518d7d025b6d0adf6766167a097b65a66c5108ec78670342af67944d5ad19dae649bec14986da31be3e42d5f577e178a00bfb54eab6ae59d51acdca568b1ede4a7da5aa05ceb939cea1a9f23c8c976463222f1d6319c9184e61e408f263bb7441a6a737f39d1fdcdcfce0ee1f0a57aa2e21af18ae9cc38e345216549c05e79b940b5db03355e76def80928870b4a6c6a2333f197b43edaa0d1e8dcac9d68f39b6ef659e4c87c3dd7a4739a37799b714ac2115d0a5ee2e48c663001760ab549b94286ea3450f4d8c8aa86db7470cc6ff3f977dd922e5b152565f2b76fa684e086d6fa04d1db7fb79860fb6f2c36e466e5a328a1a5b514e4509ac8aae7e94b477a3a045874c4d23522b6a50ded189dc9a1a94363420a7a412850565d0969661bcb6816fac85c3bc83ea1a64f6195075c8c737a6c6086a54af363ebe393d4e807cc3537c8dd04e86a9c8fe4e1cf47628703b9da2ba669a2eb6713a4e01b75c272eb39c45a3505baa575c592ec1652870bd0cf6ba8810d47bb9218be13a8099d3cf8bf32d30120ebe4148292a87b3b30f1c1d185d2c1d616be50833632b981b5ba8f8e0e9e884141f6f74e7a6a129251233f56554d5c8c5f2d6063bc14c6395529cb4ca7bf3e30a90e43b0127c00c8f05e025519b405bae2f566adb6ad3077201b7a9ab52e64456400c734be07d0950cd3451176b57721ac1edf2b5a3217e48fdad04489883ed98ef6945696d0d4aa834515b65f7808296dbdc8edc561de2082d53d380326d2b520b8b5158ad411ec1559754a0a7ba062bbdbdd826a8a3895155c7028ac7d3c9311c5171a2b4b37368a2b81b53a23ebe3e36a05ae521d526e08e0870a75b5c265b7a177f379975cd74cba2b85abd4159a82ea6b32c6034c8c164412646b353d0971885ee8820827342a18b3bc2e8162302c211121409179f40cee23c7811a4959513acad59cc7266a6d630b966aee281a7b33b02ad6da0cb4ac588981f82db668b34ccb3c3a16eceb9426cf7ca4a8a1894010549601994767f695c1de575054e4a2d280b34e638c302b1b44a792c8a33e434033c0169985d3bdd4d0ada01157736a4c38da14e1c0feb14b803515ebf0e43fc90aa3b5a50c1d658dc7e0eaea31b594dad8829ab427c650d124aca514865651597228baeb380677153550de6babbb039328c93d9691ccf4ee0804a3a222401773635cea31eda9db92905ee6c52dae598827734dcabc01df4ebdbe4619fb8cb66054f8edb9c731b6c535bdadaff036eaeb2105345590adc50462206536214b8266f7754d051c6bbb8229a793280add29b154df3e4e7170613131b5812948db5232ccc6d6176dd0a96c6d67063e60be56ccc0b0ec03c23556f4926e6b5ff384959f69aaccbc75a672d3b4717d5f88fdabe6c9306e55d52ed91ed52a089ca446d624e76694876ba6b094e1effd32a0dcb5c5fb6480338a943823aa6da8e873bd48cdba12198d5b5a2bd4b87261a095950aeea1940b9ae07456c91d98d2d882bad42425935d2ca3548a171c9c82e4416ab8acf07db75581d1ec6fed4b402777b9e4540b766a7f8e6f898756b6682cf27f9a666f87c52d5cd6909ae6ca154dd315be5f1608f529c80dbef65b6a341d9a2c91163b24557b9c960beac29d7e7390dc1511573a5b998cccfc438db5b7f4a2c7a62c3d11ce8832a4f1fa479b823392c025e34288121d188894f83bbbbbf02674e53e2eae2054b0b71968e6c97d670b0738127951ae1e284597e86a3b54598a82be1e7d34a75497eeb57e0165aca78c2f5e0eedcd085c2049a0014b322a514b72e5700cecd889438c9ed4e09d68d9c598d0adea6ee9f086058d292c7a23801b7dd45b084b74785edb32d1e10dce1609b9a736b5d2d186e66e8eeea42035b5d0d5b9ec02b6e618bac6f42547e09d2aaeb9151d34027a9415a6609a115a3945140535187a9fe211ccccde36c7119b716e6f94666f946a6f525d0a6096c5e0f4f8ea23a01276a138322752ce6445ce5f98cdbeb6ed3b749ceb91d9a9d4d3ad535e639519ce4b8c5da62cc54e661b1a250811ba5b31c4a4fc440722c3ac202511f1088e2a020a48547c18ff32d323211a9a9b9549a238c8cac143c3fdf60ce3a7be530cd19c6ad98ed5c1cdd10cd58509f168b5d7e460365d9cc6f8c06e374bd235d844647db54cc93ae97ef450fcbd01a65de499d4ef6e9c189d2f4d06a08832da353c08883ac536d52cd38f55c0f4b564e0c33eec2a048e02638e9cf026d8fd00e58bb0439dbde841e5d1b1afafa09ac9b86a41355dd9c6d0dcc69748e89545a6a551d924aab91514a706945c8ce2a4265792d86fb46b0bdb08cd39555dcdbd8c283d5153c5c59e4993887fb8b731ce0b33c33671430a97b549c01dccde931a5b8e3511a1815077ad47c1368ff0b6ebb89398e015c2281e4b8a5da129a937ccc96e461ba909120371dc31949e84b8a41172d7d436010c105233d221ade545c52521612133361717e7d508e024e5aa59d8d332ccd6cd5631b1b47c4f9fa334ed8317bb6629227c86c63057fc76ecee35eb6490d56c8e2d64c1fdf9bbe3d1ad466689b17e6442d6da9cb2fa22afd329600f9d2804849705d6d911514f9595940d6ffdc97394eacbfcc35312687ac6db6a4a1d62634f712584f2fea060750d92331a09d615b8b748670592d892b2c475a051f97105c6a2172734ad0c69cb7b2b088a3cd4d3c3838c4e3dd3d7cb3be8e27ab4b78b2b684874bf3b8bf30c7e3021e2ccee2e1f2bc022af004e285d394a8c0167dd8df731107049c7296d22ae92cb79b1b2e72dc6275a92a59b79c674d15e560a2200b23341503c9cc60d161d00607a3283004a9210cdf9e81c8cc2c447878bc02262533cec3dd579583bd2bec6c09cf92b9cece1141ee5e48f670c55c73b55a641eaf2952edf278b48bcf1b31d350cab6d9abc0dd9b679b6466930568034051a05c45b8a41693e5da994e0f500f4372992c6531977534b03dd629602bcd35aa049ac033c401835191bc266644c0edf46ad926dbd0d5d2064d37db23a19573ce9574b421afa98941bb95ad52cbecd6a01696b30830b7828fa3d35142373939318d9d8d0d9c6c6de39bb3333c393ac2b3bd1dc25b51901e51794fd757f178654981babf4c15f2f57b8428f3ee3e8f62548e460615b86366beffa3b6f348b04378a2ba2dce38812773ce0070a1928a28cdc72455379e9b81a1d44474c745a2392414c50497111e8d50c68182820a787b07ab56e9c03860216dd1d913c14111b0e76c3380b3b4758097b32b72c3c3d045e323c0160870a6a15c75aad58e3a2c93c7ad19719572815596befe719586a302b7a9d3b7c7f5b66a35dbf48ad343dbed96e52bed053c430934796dbb53a09dabad8fc0063a98999897fa65ddb019339dedd0d2fa97e9a8b8fe0114b57720bf85c09a5b90594f500dcd8825b41c8d1679355ae41456233931072dda762c73a6ed6f6fe1eee9295e3e78806f1fdcc7c707f7f0728f200518dbe6e3d555425ca6d2a83a02bcb7bc883b54e11d69a18479938ef36c42ac763f4fa85ebe1faaad4baf38438edb642b971cb7d9a89f73cb72c5a0ba5cad5f2e55952870e39c7323b282929a802e82d38685a034381cc9a191f0e18c4b4fcf87abab2feceddde1e8e8093b3b37963302e5dadc3938b92c2517635d1c5d90e01f084d620c8ec77ab04441c875b9557eeec31579cca59dec16fdfab9c648a0e09d4702058ee6e4860470b1fc024f669cac90e8dda2ac86fc03ce004aa0c99f49c99fedf7b62a60f233f258159f4bad32cf75689b50cd9657dcde8942bac3fc0e1d0a3abb504e88a55d3d3425b5c8ae6b56570212d81e7d7dc391935680b181516cafade1e6c931debd78894f6fdee0d3eb97f8f8cd633c3f3ac0d3dd1d3ca41a1fac6fe0deea1a8f6b3c2ee32eeb36e1dd5e9cc78db94915134e468754edf5752b70fb04b7dbd97a31e32412c8eac946430dd61baab1c6e3428dc48272a5bad972c682e25c8cb35d8ee6a4a33b3e068da104171a8134ce385fef20c4c5a521508238d5666beb4a800467ef026fe63b274777d8da382990d6d6ceca5d46fb05222f2880a6a48fd0342a128c54e6a3bf248bed5d169f07703a3340173d80b3f9219c311adc92d6b93caec0c9d2d7255919d9eed29b91cd0e2981c73773ae3a81b24b8802cbd0220d602f60b1146496fcec1e9f4fea5a50d5d48ebc960ea4343420adb109a5bd7da8191a46b91c078650ce1c174f07e91e14056b271f840546a3a68871649eedefe404dfbd798d5fbfff1e3f7dfa881f3fbec3a717cff0edc37b7870b88733aaee7885aaa4c20ed8168fd8260f966671c09679cc3a62de3be28c3b26b483c13eecf689ab6437e8d661af932d936d7ca7a3191bad3c2939e3d614b46aacd40938ce3b75b9a71c73cc757355c598a2f2c6f2b3d193910c4d44380aa3a29114190517170fc4c426c3df3f5c4113b589ea6c08cb8591c0c9d183cfdd154cd9dc64cb801eece18b484747ecb043ad4bb71aee822e2f0563358538a20a6f88da164670637e581d6ff2786f99aef91c9cac5f5e1268a234bd21112322605a68ef094b8ae0a4f42d515f0670876c8902ec02a2a8af57a037a1afb9894a6a460a81950d0d41333901cde8182a3b7b39cfea11935308cff018b8fa47c0c6d50fce1ec1880d8ac158e7809a6b6f9f3fc7dfbfff863f7ef919bffdf4037efbfe133e3c7d8a4754dce9da3236d90657c686b14c30d3bd5d982598c9ae0ecc0cf6629986649b21fd607c542d8b09b47d9a93c33e9a13b6ef03fe9cd4beae1d9b5a1aad269a937acefa06cef13a8d3a0ab4c5ba724cd5146382aa1b2d2e407f0ec1a5a7a1262212250909886424707672614b0ca3ba82f54a2338699932efe428eb99a24447274f9899d9c086ed32884e34cad50d535a9ea4fcbcfa190ba61b1905e835b6473a70c419a794c62c27f0ee2c8e727e4fa8ab0517e0766407966ce8d135a97e2f2be73bcc5ebb0ccebbbdfab6a754745e0658d222e5b9cc3529fd9fcb12571b96e9422bcbcb6842da90dbd98902daff6cceb6f0fc4244a666233a3507c1d1c9f090b3d43d00d6ce3ef0f0f087a6a0107b8b4b787af71efef3e71ff8ebb75ff1ef3f7ee7f1177c73ff0eff6c115bcc6deb13a35823b4393ad4f156b6e4b252680bf2a1c9ca404d6e169a8af2d15b578de956ad5adbdca2ca363ba545720ef774e298ff9d1e5c1b037813d61bebcfa1d11cd4eac1adb265ced55661a4a204a3e525e8cdcf434b4a2aea935390cbf996131b073f7777ba4647f8f905c393ee52ae0ca876485002501428b34f9e3bbb78ab392779ce994e33d0d905e531a12a84cf3557e184596e7fa453c13b65ab149529b5b1a44d0a2c0127a5c0edf688cac490e86797521c01ec0fe8088c79ac9fada55756d4b56a2e1cf1b9586a390a3c29817922cb5c02b0af031dc539888e4b44446e21329a9a91cacc96d5d084e4e20ae494d62031ab1041d14970e47cb0603b71f60c407800df44472b6e6cace3d3ab57f88bc07eff550fee2567dbad833ddcd8da607b9cc7e1021de7f830d60861851ffe1c5bf1487939b4a2869464d4a4a6a12a2d09950971e8cccbe187cf59256008f2a0af077b54da1effbb3d3a5c519b805ba9a5e2086ebd5eff78b2b214fd858568c9cc426d721a4aa2e3911e1c8ac4802044f9f82199aaf375f384136796384837576ffd1aa5b518114735e3a49c9dbd94f29ca838594991354c3b5b27f8383b43cb88b13dc06c39cc8c393ec0eac72a47d40eddb95c73bbbb42952d8de1b638c919d9304467c976798b0a641c90252e7d3613d5c87cdb25a81d9680bb58d3e320176052faa5a30e5a6c9d8226a51c259f2fb454a3ad380f199905c8acd6a052d7a3daa358fffcda26b5a41596900eafb018d87907c285f3cd2f201c1539f9d860587e7c7c843f7efc1e7ffdf507fefce30ffcf1eb2f78f7f239bebd7f0fcff7f7718f19ee26b39aac531eb22d6eb1adaf332b2e52218b8d359861901e2829405f7121064a8bd14905f616e66182736b512b57e8d936194b767992ecb4b7a856b95a5f8ba59a2ae6b60a4c1615a32f2717da8c4ce447c720ce2f00419c63be7486fe8414c4f915eb178a48df40783ab9c2c642769db9b365d298d8b870b64939c3d64ef67d3aa8e732f31c39eb049a39dba59d9d13bc5c9d514c87baded789c38961aa8dae77a81b27938398635e96abdcd226a544716248049c4013155eda91fd8edde74aeb94794640fdcc610a9acc38311d624ec461eadbe17eafb4c9561c1296587f394ac9d6b3c9da52d4e7172091ed504307d9d83b845a5d3fcab53a64336447a6642390c3dc83e01c03c3e015198798a8388cb6b4e38c66e33de7d89f9c6bbffefe337efffd27fcf8c37bfcf0f6053edebd81675b6bb83f3f85dbe383381bea51174637d58e6a0d1634a598a928502642766b2dd45530737256b1660975b54d5677f47b5076a4d836b73b5ab041982b9a6a022b447f46065a63e351e41f8a54af4044bbfb20c2d50b916e5e8873f74086af1ff2a8b8c29010c47978c08d6dd2cec6118e0e6e2a688be2ccccec58b66abd52ecbf2c7fc99cb3b37355e06419ccd6d6116ece8e480cf4c19a5cad18e9c33e9de5e1581f0e785ca07b978bacb718c06fce49ab943649b52de8d5778773ee92218b6d74101cd525dbc64465d21ec5598a31d9949512594151cb5b7a3322ced1e020556e93d7f9784e5b8deaa222d43078d7f574a386d9ad8406255f5387b4a272842567c2916dd12d2c1a5e3109088c4b471ee7deacae13b73737f0e9ed4bfcfa0bcdc8efac9f3fe337bac98f0fefe2cdde261e2c3168cfb0550cf3ece4efb4544fb7579189f1e2548ce427622c2f199305e918c949c174691ee635b209aa169b62aaf87ed4de93f3dae9d66f225aa0d22672f3309496aa36c4360404a0d8d515f9340f855e1e280df045536c2406b319c073333190958ecee43814f97a23d889cab291d6e7acf29a8093cb3a7a787684670f63636b7db6e3bc1368f2b336d6f670b0b14188bb1b663ae8d6d92e0fc77a09ad476d4dd8a3cb5ce3e7291b84ee2e4ea8fd94b2cbebfef2e4c576864b8655844d2a4a2ee66d89c130b449699dfc0b04dcaadc1f4075ca956c012d900c7f2606e66040ce662d96e84c5b3833ea6948aa741da86a6b87a6a30b45f54d88cdc88377441c1c08ce9d2af3894f4600679d26af00dbc38378b8bf835f7efa0ebffcf291c5e3a757f844a57dbbb7856f96a7706b7a10073d3a4c14e561b6a68c6dbb43cd6259a81d29cd416b5224ea2303d016178ee14c3dbcd90ab6609e4c328be5f28e5c0d575b19067bb0d2524fbb5f820981c150ddeaef87661f6f34138ad6df1b2da1fcbb68207ad2e231229777f2d876d3e3d11c1b8c121f57c4d0d23b5919e696e43427b5dc258a13a5c9baa5801387298a93962a3f6b63694b70f6f077f34037e3c6d690ee029aec99943629edf23edfb34093e7b7e6456d6317798eadb25539c84d59de3a2fd9ef27ca93382010458d1b1215ce83f74511ac521bc3f6366b93d067396fdae8f4eae8266b59a2b88ae63664556a104165d9d2817970d0bb845371b1545c440c9a4bcad8e7c7f0eaf619fef8ed7bfcf1f3f76c91aff1f1f16d7c7bb487979b0cd9b3c334474d586aaac1fd49be3166304d760e22828350909f0f173b07f8b05d25f905a12e32122d614118cd486178cec632e16c776b7136da875b1383b8c9562be0363ab498af2e415f5c343a0203a0f5f4408b9717da09afd1df0be53e9e684a8c416b6a029a1362d1141d81da505f5405b8a3ccc71d31b63670b5b2853d61d9499b34b186a9895c1db052d0be04672ff98e2d5554676e6ac558600f77570f5465a7a8c58a0d895323dd4a795273cd354a6d37a9ba13bef753b6cc53d938b4a0af4b026d5b36d10c76625b6617a1c9353429699d17eaebd6e7b36d09dafc47f6fadbd45c532b2583f277b4628b86659a365bdbda8e062a4ec035f5f5d194d423a1b004aea151700c8980474c3c3cd926457521e15118a8a9c18db9197cfae611fefaf327fcf9db8ff8f1f32b7c77f714cf39d7eece4e72a67563b7b50193341b2d61e1a8af2cc3e2ee1ee2692612f272e1e0e20e6f06db607f1f542544a33932040329f1982bcbc31c679ffcee02ed09dbed23bad23bcc79bbdd6d6a11591712040dd5a3717040b3a717341eac9050e5241322a2e02f57af1d5c10eee48e686757c4dad822c6d202619656f0b0a4d930b586ad5c01380777ddc8420113d54929a729aa93354b9a1953634b589adbc0d9d115c921c1d8e0e7b745011854773cd18f59823b1aef63181fc109811dcb2e2f66b993b9413d3881252a53a07a659f8864319d1e2255b747db2f615cd425f0f6fbf5b96e9fff90981151dc9e5a9bd4b12feb30d2a983b6ad13cdbdfd68ee1b80b6bb1f29c5e5f0888a85954f00dc2363e116211507c7e04884474463bead150fd756f1c7bb6f09ee57fcf6db4ff8e1e32bbc3edec3a3e57975757b7fa01bcb2d8d6a53eb7859117696167070fb2e320bcb111d188e081a80189a8ae2dc1cf4575742979c80d1dc6c2cd0d62f304c1ff0c47cb43885571b8b78be3a8ffbd3a3d8666e1da12a1b386b2aacac50636f8b6a06ea42772fe4f1f7f5f4f0466e4535aced39bb2c39ab6cec104165ba9b9920c0dc1cc17ccddb8aaf9b58c2c1cc1a36e654191f5fbf6e0623961c8d09c9ccd4866ed256df26ad1d61c9e7e24665eb5e989b2f26e4eea70166e4c91e9cce0ee28439ee60b41b0754a0da082bb7602d8de390ce52009e31225c927bb6a42d1adaa394e13529b94141a00a200125752431e0dc51aa803ec056dba7c3125d5b17036d5d430bb45d3d68e9e947051fc7e516c1862d4ca0c94d12d63ec1b063f876088c444262321699ab9eedece0ef1f3eabfcf6e7efbfe1d79f3ee0dbd3033cdf5855977264d158ed999c64089d19e32c6d53417c737a1c79fefe48767146457c0c06189afb98bfbad338e3189c25a76db53753612378b63c8bb79bcb7845708f6972643fa5b4530d3355a5b535ea5d1c514818b99ebe6abdd4d72f045edea16aafa4dcc8e1e9e4860cbe8760cea7200b6bf89b5ac09baa7333358783b1392cae99c2e4ba298c8c4c71edaa098c8dcc55a92d0c54a5a84d1e5b13a215e1393136043951dd69b1d81ba7699ae8522b26c7d3faad7862506ed24ddea229b941b59d12e03167dc890ae084232a3328ce50869629e0f694ddd771b0772b6807fc6f8e0605a0288eb3902a5c615b9d27b8ceb666346adbd0ccecd640e5c5a7e7a8edd921299970098d84053f144b066e3bbf7038054623996179a3bf17af0f8ff09fdf7fa5e2fe64abfc1d7f310ebc7f78072f7636d4f537b9e6765f2e94ce4e29704734192bed5a4cd756508185182eccc1605e36fa692086f373e8340be83a6bd4cf1cf0676503d1b3f545bcdd59c39b8d65dc1f1fc236c1c9a59a460f7754da58a3d6d11e55ac6a3f2f0c5457a3a3b206be54882f9da39f83138a52d39116188c24b6e550732b84985ac2cfcc025e04e76c64065b6333985e37c6f5ab46b87ac558a9ce58da26cbe8ba054ca445ca7e4b429372e0df1dc07c9713e287ad610a604c871bcc68b2d42526649d9feb0d1a92338900eb33b841d549bb9452e03698d50494b44c8166509b00957d7e0a1e67ddd16017e1f5aac72792f6f95c5656f6e98a966872465b1b515951825a86ed86964ee4b08d65e697228ad0acdd7c60eaec01231a080bb60707b51f31162904b73b32883747c7f8f71fbfe20f09ddbf0bb8dff0dbfb6ff1e1e498ad6d194f5716f18073f001e7dd3daaec2edba7ec23d9619096f03c53528cc9c2024cb02619bea74be5669646ecd0901ccf8fd389cde2e5f61aded2a1be585fc23d82db64be1b4a4b40136d7f839b0b1a5c5dd01d1e8cc1a45866ba6456225ae92aebc30251c75924373ee6bbb923c3ce1e310416cdf916cdf61944957ab16ca834e3eb02cc04572e1be13a1568cab96774dd92d0ac78345733d04ada264bb6aabb125e14953e4ff3b731d8a2a049bb94e0bd33d6addae42d59a75c99548f6f129e3cbfb4a66b52e00c86e4cbf668509d2c810920a96349f78476c8ec214779be456332dbd688fe060d4a4b0aa06de9404d631b92d27311c1b0edcc306b4a3b6c4a57654c70a63ccbec7d02d57d70c929a9d81b1bc29be313fcfb2fb648029315933f7fe3acfbf4011fefdca642d6f174611e0fa7a770971ff8bd0916dbe61d02bf49b5eeb5d1d1d6d761a9a202f395e598ad96fb209a713822974568a95717f094cef425d5fbf660172f375670776c106b7555545c02da03fcd0e2e3052d01768406622c3d09c3592918c94ac22833a1ecf26a090b80c6db05356ef628b6b1421e2bd7de06999c8bd1563608653673a1c24cae11d85563a538a96b5765de71ee5d33e76353054f669c80939968cf3811ecec842e7e6e9b43347ae3dd0a9c005cec6e526a136852024cc009c04b4b1c8cb375655491988e3695e7446906a3a2c03288eff749bbd4c312d549c96b02738d67cb92ae055d5515a8ae2853adb2b84c83c898640447c4c39c56586ebf35b2d19719dd990d5ba65b50045212d3b03338a45ae55f7ffc823ffffe0bfffefb6ffcfbf73ff0ef1f7fc02f4f9fe0ddd6265ecff3c39f9dc69389613c18edc5bde17edc26b4b32eb66caa6eabb10eeb9a1acead2675d1f4f6cca47e43d1d20c1e6dad50d1fbf87c76039f6f9ee10d21dee67fbf545e8c91f464b40707a22d2800ad81fe680f09c4704a02267332309d9f4e179b8a899c548cca66a1c40874c704a223c2172d219ea8f3e76cf4b647b2bd35c299cdbc4ccc6176dd886abb8a2b57ae2bd55dbd624660e6aa55ea5ba6b9529c259568c9b927e07cec9cd47d11bb633d581b607be45cdb19edc2126382b4470165509c1c05dea53506bd715a6659a39415138127c04485d23ae5b1b84a698f02c9a0366993a23601b8d45c8d05ce925e7e704d3cf32b98d96213d2e1e11d040f9f1058d8bbc3dcde0d46568eaaaca83827b64e27b6cef8d058ac3332bc393cc61fbffe84bffff36ffcf7dfffc15fbffca6cccaafcf9ee0e3ee0ede2fd20d4e8ee3f9c4089eb0fd3d18a45566f4903ad635e3808a3f6c6ba20a07f080c01e2fced3912ee009cdc8f3832dbc6790fffcec313e3f7d88579babb83dd88bd58a520cd17d764586a1233c04ed61c1d045846230391ed37999982dccc45c5116e60ab3b1589c8ba5e22ccce425602c2312a36961e84f0c4073982b8a3d5c1049b3e2c5166971fd3aae11dad5ab02d048294ec009c0ebd7447de62a36c88cb336b3812d67a59b25ddaa9b1b36f9b92ec9ee382a4e8e6244c494dc22acbb6bd3176df2ceea142e2dd49661beb654ad806cc94a488f8469c9642ce63579bca3aeb3c9ea48a72a519a8033d4aa8e8aa32a071a1b51c7a19e5750024f02f3f00a811d5d93a51dc1d9bac28c656ee3022b2ad0cbd51ba941d11cf68c03ad6d0cda876c8f3fe1af7fff8dfffe49c5fdfa3bfefbe38ff8f5c5137c7fb88f8fcb4b783b3d8957e32378ca93e5417f376e76b6e1160dd10de6b1bbfc3d1e8cf4e1d9dc24bea18979426892015f10dadb87b7f1d3bb17f8fce6193e3e7b80b7dbebb84355aeb33b4c64a4a12796013c220c9d5111aa86a8b8e95c4223b8a5d21c558b250cf2a5ace2342ce42761363b0e63a95460941faa3c5d91c019e74b736271ed3a8cd82e05dcd52b26aa450ab42b974d79d49731619a1b59c25a1c26f39ca33555676b87f1460d9669fe36a9bc057ef637e8266fadb26b48c92a0aeb2643f92923c2a5594d31d6dbeb989338cbfa05588b3a6ef468d5e375f6d90db903e73c3218c089dad47c636b5deea853c3b5bfa91995c565484ac9809b47305cdd436165eb060bda69736b1798dac8d75fc83718b8c3dfd31fb52939c80988c06c9316af387b7efef41ddb255be44fbfe2cf1f7fc17f3fff809f9f3fc2e7fd3d7c9205e8a949bc181dc4732aee1b7ef00f981beff774e26e5f27dba60e0fc706f088c1fae9dc349e2ecdd345aee2d39d9bf8f1dd6bfcf0e10d7e7aff12dfd1a97ecb1977b3b78be0caa9b824c28abca89eb8180cd369ced09d2e146762b92c93cacc22bc0c551b7cbe5e9886a5dc244ca5466120d21fcd5ecec8b3b546808a0454dbe56b0a9c44822b97a50498192e7f6da28e02ce8425e644eee671a46bf5b475406b511e9625378ff56393eff19490ce96d8221738dbe669509843e5787779868a6b2ce75c6b20145a7fd99d750e704d36b99e43949c26d94ee539c233b4c9a321b9b2acc38aae1e73edf5e86bd4a228a710a172eb915738dc3dc361617d0e8e654c6802ced6c113c1cc47ad997928e19c1bafaec18bbd6d7c78f10c7ffffa1bfedfdffec47f7ff91dfffef819bfbf7e8a1fa8c60f4b4b043785b793a37831dc8b676c754f067af064886d73a8170fa57d8ef6e32173dea329b6d4e545bce6c9f0f9d923fcf449d63dbfc3af1fbfc5fb3b37f0926abcdddf83ed9a6a8c67a42b601d11e1ead84b7063e9290a9c5259593656cbb3b1569e853582db24cc8da274ac10dc5c6a348623fcd1e1e188225b5b04d2395ac88cfbda30e38c153403388128f0ae7d6dacc0c99c93fbc51d08ce8de032d9ae17e8ce97288cb325b6c69569aa4e543689e32966d859bacaf9493db8b5f65a056eb74fae0cb4a92d637294af71d8ead583dbe451c089db947820b7c1ca0617b95f5994b842c52ec8e2727925b2d3b21018180e5fdf48383afbab2f9831b17056258f8dcd1de1e21e8808df28345199d5a1e1182a2ec1d3ad2d7c7cfc087ffdfc03fef3cb4fca98fce7fb4ff8ebdb97f8f926e7d3e6163ecdcfe11da1bca2ea04da379c674f6832ee33163c1ae56c630b15d53da481793c3b8b576727f8e1fd1bfcf8e12d7efd9ee0be7b43937280670bb34a711b8c1153b9d9e84d88432bed7e477818fa086e26872d9267ff2a67ff7ab9540e95968dade26c6c166562b32003eb342dcba9f1186754e8f67042be951502d9fe2c18c0af7e7d1d5f7f7d4dcdb87fc0194a669e047486759a1571974eb62e70b7714418e3c870638d529b80bbbd36cf563987d3793126533cca9217cdca0267dcba6c1022b81d81245bca0724124800d72b4f5ae6dea03ed7195657e42810059e005d25b4d9d65ad4e41520253e59eda777730b82bda32fccaca83473a70b7866566e70f10844ac770806cbcab1ded98e9e823c3c5e5bc1a747f7f1fbf71f14b8bf7ff81eff9195147ed83f3db883cf7bbbf8b4b44078d3f89606455ae663aacd004ee6db7d2af1ee500fee3270df665bfde5f50bbc79f200ef5e3cc6af9fdee19777aff09246e7d9fc0c15d78d35bae0e9bc1c054e4b57d9e8ef87cec8704c66a661b5b490e00a098d369df036684cb68af4b599978eb58c242c33ef4d860440e7e680026b6b041382115be4d75f5d655d3b2f033c1365548caf5b5d9814a36b06d539c2ddd11d3e0e8ea8a4593aa4b24ea52daecc2a705237a832c373817a699dd0367b9ad4a6150125f00cca939255ff1d3e3728ceb01c66c879f29aa8739491a23c231b09d1f1f03c07676be705734b5758dab8c3cac60326e6ceb075f2859dab2f520243d1959f075d5e1a86ca8af088e0dedda389603bfbcf6f3fe3bf7498ff0f8f7f53293f7ef3009f4e0ef179750ddf13de879929bc1e1dc633e63f01f784a01eb11e0c13de503f6e0df4e3eeca02de3cba8797f76fe3bd80fbfc56817bbbbf4f03338d33b9a85a57c3765884c19424a5386d6000da8283309196a2a06d559761a3a2189b6505d89585eae21c6cd2b06c119c409b65581ff1f3468ba303f26d6ce0cb507ee5f2157cc5567999aafbea5f029020d91e2f13de754682ebcc74d708ccd8c4529feb0853ddb96ae74c784e288e8966f694252e6995b34a75025160093c2979aec06df5ca4df08d0a9ccc3959eddf572a1360f21d54fa2f55116886951443db14d509e0be8a7c5467e72152b665fb06c3c5c51fd6d6eeb0a4c2cc2c5c60717eb477f58705dd659c5f10c66b6ad5575bcc691bf1606505dfdeb9859fbf7f8fbf7efb117ffff223dbe627fcfd23c1bd78840fa787f87e630b9f17e6f069661aefc6c7f07c8c2d91b34e5ae6ddfe2edcece96075e106e3c5b39303fcfcdd5b7ca0ea3ebe7a81df3ef2efe1f1edee9e027783a666bb4e83f9a2020c13545f5c2c1d621434b4e52389f1582ac9e70cacc04e7539b6096fbb2c9f6d3207eb053427d96904178705cec5115f1fb4d83b22c7da166ec6c6f8eaabaf59571438a538ce3303383d3c4b5cbd66aa2f8213f5c9faa593bd2b7c9c5c91e6ebcbf0cdacb63aa3604919d4278f4571476c979736e5660db98b546e89ea97754abde20498c0931230a2ae2f4b20ca7d5d024f66617f55218a53d2101512a96e7870750d800d55662ed0447504674990b68e3ecc751e6a753c2f3e15632d2d98686dc6f1f4b41edc0fef180b3ee0cf5f3fe0f79f08f1a777f8f9cd13fc70ef267ed8ddc577cc67efe766180b46096e088f08ee6e8f0eb77a059a8ed1a013a7bdbd84f40c3f7e7c8f1f5fbfc4fbd353bc66ab7db5be86e78b336a9df244d746b758a65ae52823c1446606465352a0f5f3470f81cc17e562a39231a9aa0cdb9525d8ad2cc256095b66612ed6b232b010178f19cee7012f1fd4dad821d9ca1a36d7ae526d972fc0c98cfbea5c715799e5049adccd6361e90023634b1a1863054eae28c8d75cb9f20408b2b1c552571bce96f5900cedd1a03a51a0bc76496e34902d75fa5b7f65e94b6e95ea505ba10d25f3ceb0e06c509a7c47871c1538826f2fcc2088242444c4222c241a8e9c6fa2380b0bb9a4efae204abb54cab3a651615f373193cb1de608f7f1c1cee424bebb7f87adf2157effe51d55f71d01d20d7eff0adf7ffb189feedf54b1e03ddde5bbb939bce10c1347795ff25c4f3b4e3b5b71caf677ab8fe6a9bf17dfbf78ca18f016ef4e8ef9b3b37830d0a78ccbdda941dce63cdc6eacc35c5e2e86921299e5d231959589319e78cdfe3429d20d08674b53899dda2a0570bbba14eb54e13ae7f1527a1a6662e330121c069dbb272a082ddad20a26572e53656c95ffbaacc0c992d7d75fe91577454cc935fd753a6b761cd950646c6cc1f76fadca8279cec5ce09be36f6e82a2d62e8d6cfb2b3f3f62873ef6481ee9206e56046767989a354b34d169af52df24b70f29a322ae7570c0c6a9332dc4d7930d2096d4e3272e312104947e9ed19005b5b4f5811928093a3255567c39927e04cad5cd4b7d05d377780b129db84b513e60606f0fce48841f939fef8f92dd5f62d7efbe135dbdd737c7ecd564970dfd1587cbbb880d733541cc17d43c5dd1bec26b0369c12de89288f46e516d5f8cdf6165e1f1fe0a4af078391d1e80c0dc66a6d05cea4d577b660b9aa5c016b646b6af6f7c7686a0ac653d3d1e0ed0f9d5f28159885f5ca32ecd655638b2d53dae6467909560a72319b928c89d858f4f807a2c1c919d9e67295c01cd7fe079c284e5ae55784278a1370ea8e559eb8b279d6d4d40a9616b6aaacd5574d3920d0d50305b15104c50c47659d5279478425c0049c284f1e5fdaea63b81ed0dfcb66688f02ea1fa5e9e381ba4a7e0e4de280284de2809a79c31d68a23d4e8f4b44545814bcbd03386ce5ae1527989bcb3e0c39c33cf8cbcade4377ce3ae6390b47556684278bae7d2dad787ee3043fb22dfefce1397efceea952da8fdf3ec1a7e7f7f1e901c131977da08979cd56f99479eed138d54370377a753824bc1b34277798e31e2eeaef4c3de6e31d86f3ed562d8e7a3bd557669c32b86f34d763243b03351eee68a462dafc02d0cbf9d61a1888266f5ff446443312e46295ae735d5345f7598635aa6e894e733e270b930ceda334119d045e696b8f744b1bb81a99e1eb7f71be7dcd36c900ae3726ffccb82bb262a2b635d8c08af6dfdec953dde06f25e0a8363be639594509f1f0471cddede6f800ce566771222d530c0ad527b34dd4b63f3da207276df27fe79adc216900a81ce6f905d62f739c943cde64ab6ccc4f475a5c32e2a313e0eae64d506e549a0bcf2ab967cc45c1b3a3e2d4dcb3642c90302ef04cedf873b4d39c310f77b6d8e2e820df3c52f5e1251f4b3dbb47c5ddc07b827bbbc260bd3083673c231f4c10dc3015c696795372dcdc141ed0eacb55f307acbb4bcc6bcc3cf7797cb4ba807b33e3d822c42df9ca8dfa1a8cd0f63705f82bc5e938d70612e2314ce50df17799a26951d06a2ab1c19629e096e97ee773b330919888a1c80834797aa04c2ef198328f5d3526b0abf8d75797f12f02bc88035fcbeb624c4cd417a24aab94efbdb464ab7462cb7477f280a7b327dc590eb64ef0a2128399e7a6ba9a15b4d39519d52e0fcfa189eaa42eed0cc83257b33225024bcad02605a640dcee6d551b81bebcb82a1065ce09b8b52e2d34992928c8c845ac7c9b1cc159108a949999ec7a9223cf2e2b511e15c7106e4e70266c934646d67c6e8b607e7877a8a6cf4feee2bb17f7e9061fe2a31cbfb9834f4fefe2fd9d137c64ebfb767d194f67a7f00d9dd7bda961dc9b1ec6dde9713ca0ca1e33027cb3ba846fd696f1888f1f0aac65b9f9711e8f09f20683ed5a532d365aea09b0017355a518c9cdc0607a3206d29231285f7f28dbf0a8aa69c684459a9795ea4aacb0adaeb16d2e14e5732e666328361a5d5467adab1b7238dfe4a2eab5cb54d665460066382909e05f7d256574e1268d8cf4e6c49ce6c4dace456d5df0962f3475f152df54e4c410ee44057a3bd8a3b93c1fc74b6c8b32e7d8326fb0049eaa59d9e54570f25d247beade6d9d0226b7b61a5aa6c0d3e73afdb297417186962910175aea509d9a8c92dc22840486c143294e6ee61360f63c3ab3650a48b9dd48df42adac9cd52e2833b9479abfacad950db6389bde9c1d536104c67afff8363e3cbc854facef6e1de3c3d13ede6eade3d532a150718f78e63de49b7bb83487a71b2b78beb98667eb2b784a7072d5fc09213f5c5d5410e58a816c935faaab50dfb4b0d3d684254d05268ab231929386d19c0c8c514d93857918a1d31c2f24a4f232cc579463aeac040b65c598e56bd339991888615ba5a12ab37344066380a791e9794b3c8f00028ce004a4a155ca7c1378d22a2da445da3bc3cdd1157e1e5e08f50f829b9d7c9da33b5c2dede1ce13212f360687fc9d4f65cf0d4fbe5b6b0b9c7593d89b1ea591936f16627edb954b090427c00c2a33c40035e304a0ac519e03fb72cec9e361dae58aa4241466e6c39ff3cd9d6790ec6cb230b72730b92fda5e951e9cbb82686d2ddfbaeaa8da87a9399d163f8096b232bc3cd8c76786e6ef1fdfc3a747b7f1f9c12d7cbc7386ef98e354abdc5ec74bb6cb278bd36ac7d683c5493c20b8679bab78215703e48229e17e43688f08ed0155277f7e777a42ed935969a8c47a93067b1d5a2cd49461a284ce92b96c84e086b3d295e246096e38375b5d499fa2f266684ae6e5fe8392424cca1eccd010689c5c50cc0f399e1fb2ed7523fc4b2d6fc9aac93fe014bc73700678ea3ba4a938534bd92ce4005f770f46a850783b39c1dfd9597d03918bb91942dc5cb1313642700b385e945639a1a01db3f59f2d330eacc84dfae78a339811432410603b9c7fdbe7e0640bdffe39b4e3513dc42dbab9beb24254a4a7ab5619422bedcf01ebe228373938a8ddbc024f94a7fabbe10bb0f9cb5bb15d58b25d189971689b5922dc3f00cf39e73edfb8890f37cff0e9ce0d7cbc7d8a8fb74ef0e1ec4885f0f7fb3b78b3b58ac784f698fdff0115f7806de4f13adbe4c6a202f78c2df7cdee265e6dae1330dbe4c404ee76d3c4e8d8eeeb353868a8c64175195699d566d82aa7084decff707aaa1e1ea381d4582e335e4e36a60a0b305520df269b8f51b6d4669a872a06e61cbe8f48536b185d96d6a857db45f096b6f905386997120954cb94cd4304676765c7ece680604f2ff838d821dedb0b31de3ef062b4f063361c6d69c201e7f611dfeb01dde4164dc9ae981309e0026eb3577ba1306997fac0ad5fab946f0592925dce0668a234f9b2cc83a11ef5ad0aed15252867264a4d484274682482bc297d671fe613d9866dc7c069afe6984013900670ea8bb16d6511da86b1c092af9b63777c121f4fcf08ef0c3fdd6576bb4570378ef1fee400ef8e98e30e77f17293ed707d1e0f97e59b16e4be31d9a6cd994780df6c2ea94d412f646351a70e5bc5b4f4792538c82ec0516e21b653b3b0c0393c1d108669ff504cfa04618c8fc7a262319c9880be9424f4b27b742724a09b194fc08df3bd4d1715622c3b1b5dd151a871734701df4bb2892d7c19a4af5eb972014edca49a71d226bf68955fc2bb46d86662ff99db3c182702f8f789c212bdbd91e0eb8f6006715f4b6b9424c5636f864a23a87dbebf1d663901277569a3a709d22e65e5c4d026d5da24b39902262b2aea35f91a0c9a9241ce39c97004b84bfb3ddcda8c329e8915c5a5c848c9405c641c55170257f97e65698366f24d3b32ebec2ec0c96353d95fcfc73674567ab096745bb628484ec1cbdd3dc23bc6f7b7a9ba9b270adc7704f781e6e43b82fb76779d736c0ef717e4bb4dc6713439c848d24d87d98747ac9b3534208919d849cac27e7a017632f3b0919a895d7684edd80c2c7a4561d6391853b6be183573c7a099077a4c9cd1c9f9db17221753a3a1634ed3c5c7a147ac3fe14d125e3f81b68785a0ccd91d99345d517c5f56c69c6fb4ffff3a3725067017334e150dca957f42b811c119cbd56f4bb9884a734360be76b6c80c0a427a500862bcbce161618120aa70799002617bdc26ac432aef9000a52e89daa455ca1aa52180cbd5006991f2252a7a78b2d0dca1147720b94dcdb96eacf775a3afa905c5b905d0546890189384acd46cc484c72a70b28c23df40600066b809e24275e6e77f26ff1f01b64a730b6bd8d958616f7212af0ef7f18ea04469d222a53e9e1caa2cf76e6f93ed704e294ebef6564e28b95ba72f320cf3a94998e3c933ed1b853197108c7947e1a8b006eb190538c9a9c44e38f3994712a6ac42306cec859ecb0e68ff9af3f5b20d9aaed840c378a265b0ee6034e865d0ee4f4bc51083fa505a1a7aa9c296e060e4b14d268895a76a24b7099c2b57bf302772bc80769dd08cd4daa4c1a05c679e1370567ccf562626549cab8a00c5d1914822b4bca848f8595bc1ddd404cd9cb3bb8c317bec2aa2babd73d5a91c27f0f4215cbf56b94760bb6a5b341da7fa2e2e3128b20daf8bd5adbee16d97f96991e01aaa34282f2a6755105a0e52e353d92ea3e1a2ee177352aa939b200498943c36409337612a7b0c99e38c4d6455419e9b223134144f7677f15e66dac93ed5466084f896f3ededee166b1dcf39d3eed39808b8ad3e1dd6e8120fbadab15a578dc3fa26dcd576e2414317ce4a9b71b3a405a759b5d84baec042601656820a30eb998e318718f49af9a1d7ca17b597ad5173d51af5cc532dfcf77ba9b4be5401c722c0ce98186883a9369a92346b4784d005ca8e2e599714dbaf579c40d38353cfcf0d8a80bb2c71e17ce9eb32211a9b5ac182f9cfd2d818ee549b2ff3607d460a22a9b206c691706747b89918a1202e063b04276a13d51d08409971d22ad55713f6c9c552b9ded6a6d4668066a82d59f23a37277b72cb2b735d8fb6111585e5a82aad46493e5b65520652e352d5f727bb38b8abedd6b2835756bf0dbb796553a8cc3e53d957af1edba8bd86b245db9839c7d444de8c29461ab434183b04b68b4f8c08df310a48ab14706fb657f174754eff5dc5f2cd733c916e4c0dd1a830cbc906a15906eec9397cbbbc855753749b3d337858d58bd33cbed7c44a1e5b7192d984ddd84acc7ba660dc2e146dd79cd16ae68ac1980474c446111a675d7a228f09184c4944474404aa68dd0b1801627832ba702e7f7d9941fbf2657d7b9495927385198029159ebf76e5ea3f734ed46764640653be4f1b330b385bdb2080e03a1835a2ec6c08909f63801f02a8ba1066bab95eddff99710a9ca155eef4eb0d89284f168d05dc459daf9c88ea367bdab03ed089a18e5634d6d4105809eaaaea51468039693948884c809fbb1f2381b7da2b6f8026800c5bb0554c9099a7f6da5b9d6fcfb6575bd8cc7826cabc73b6b1c1e1cc3423c00e3e5071efd8225f6d6fd05132c7893959d5cf38033c99750f57e6d496f537eb8c04f33429a304d63d8ae75d13f8a6611087e91aecc496e32cb31127299c8321f918b10d85eeba133acc5dd1e1e48ddec828743160f7d018f4a425a027250eed51e168f0f747918313322c6d11ccba4643f2afaf094eea6295e49fd678a1b4f3fafa6b23a53659b31488c6b2eb99e0ac4ccd60656484505757e8a8b468075b54f3dfce0a0e40b8bd3d7c180d9ae87e456d1b93436abe49bbbcb4d1a78584f02fe380ec4c96e7eae2aa024970436256e8d20850be0aa353db8e3a4d03aa38dbaacb6a509853c45649890785c18b39ceddc9138ee21a650fa1dcc922dbd10847d6e7e468f80655536373989bca4e5f0bb5f3d798cf4dcd2de83aade0e5e1819bcc62efa445ee6fe1f5f61ac12de3c53a73dbea2c1eb26ddc9f9355934905f109e79e4404c9782f9716f166761ef73bfaf0a0aa0d676995d88b29c466641ef6636958c2b3a9b6180c587ba3c7c603ed5e3e68a3cdef8a0823b848f425c7a12b3196ea8b416370100a9d1c914ac310cdf6667b4ddce26535dfd48c3380532b2557a92abdeaae535517e0c4a0a8a52fbde2e4ca80196390253b8cf9756384d359b63143065b99a2a7a208f9114148f5f1869f85190a6223b0313ea05651a455eec85aa57c7bab047083e20c4b5d526ad6196aa40b1b04bad227377668d557125655d6a2b4a412659c71a2b8d484540433c779c8cdec8e1e70b07652df062ee0e41be40498947cc9b41e268d0a23802ddda4b1ecd5909dbf3c5e3732617198f38ccc888fc6e3d579bcde59a79bdcc0eb4db9db6646dde8f898d946dd36b5accf744f08f3118f32fbeecc8ee3f6e4086ecaf73437346233a7106bf119588e49c562542aa68268ffbd43d1e3e9ab168b75a141e88e0e4767b41e9c2e2602ed3191680c0941a99b07d2a9b2280b2b3819c9aeadcb54db65c290f6f8e536057d8ebb2c419cf08c78120a347dcbd48313d589e2aec91d3d046bc2bfcfccd8044941c1a84b4f42a88d05faab4b5118c579ca93c6cfc21491ae0e986ad7aaf02dad52296e6748dca37ca3783b8e46c57ce8af7ceb95a78726ce727b5887a5810ef469eb515da9414d75032aa8b64ac22ba331c9cdc8a39b8c416840283ccf15e76ca7579c7cb78795b448b9bd488237619a498b3491fbc41803d8e7aff1cd5d397f9357af99a8376dc2b6e9e7e2464511d2d22c9546686bb37849c53d2724056e7946294ebff435a55f49215499796a5b05f3e746531de68a0b30969682a9cc744c6666a8dd5d63e969ea2a411f0d484f420c6185a383d51e1f89e668ce3db6c80a06e24ce6aa2806627b7ec0570d2abb2ce6e37c9b8228ec0b6322e0e43533736bf57ef46dd3b0d84c78b265c1881d864773c2b366db4ca25b2d880a458c8b3dbacb0b5191188dfaf414c4b93923d8ce0a2d85393810774968a23ea53881b737ac779212ba0d2d53be184cbdc6e74b749b636c916d0d0da8a9aa435daddce0a1417e5e310a738b90109dc836198100ef40b5d9d5c95656bf9d9955a8324b3baacae1a2555acabc3397366941a8044a5b6c2c6de5fce2a38013e5c95562171b7b65fb5f30703f219867e7f59cca7a284005a0aca09cc3331ce55bc4d5b542ce6375bb34cfd83dfefe724947bef669ad41a3d62a67ab4a305d5688019eeda2b4b68810b44586401b1a084d8017725c9c1061630b47332ae58a5cb211f778597f158075f98ade84fcd312ff8901ce2e1effa7552a477959d635f5dbf48cae99abdbb22c597101fe480ff445b2b71bda8b72685092d19c93819c607f44bb38a2243e0adbe3430a9c6a95024d4a02b7b4462983bb54f140767af5b5615aa7454fab169aaa1aceb646d46bea51cc16999d957f91dd228223e1e3eeab80c92d44728bad6c5190db66059eb44705ce5c0f4ecadbd30756cc6fa23801279b48059a6a9904e7c0902a0a7abbb7c256b94c954d10d838614dabb6f868550f4de049cb9459a75427e19cc6e5ae7c532ccfd053b9bb68808e58eeae25c40d6d9dfa3f7eccd59461babc08c399a9e88e8b4253901fb42101a8f075479eab23e26c1de04ce5c835b6af65afe41599631201f4e0ae5cd567b8ff6344ce739dad9dd317afeb156780273bbf64a390294f5873fe6c62702003b81f0a78d2b4e467429b9b8ec16a8e209e4ce10e36c8090fc6bc7c891cc16d4fc91da932e386db153015baffbfaedefa3daa6d5b1ae6bb779f8dc73ddd7177777737e2c415492040d01017129c909060c15db7b0cfb9e73eefdf565fd5ec3467bfef0ff3591d2174af5a55a3c69c638eb95b28a47c4eeb6c0b8c6957067a30ded589f6232d94c74603dc91865694916915749579590594c8585899bbf978594d0b09c3344aa3c053d1a79ba30d38c9a5032552c9a72b87954ecdd7d38be6c40696f45f41dd361ce14dc07524d7dbd539bcb946c7b87c15af162e63f3fc98014960d9cd895e2bce69ec504215ff646036e8c6b4e7c1be2d7aa1a71db3475b70a5b50193621ccd800e41ea8e8e408b7a2e5bbd51483392e0e60237c5a9ffb65b7cfbaaf65e23859a31f985c0fdd7affbf1ff11d4ffda7594f6b8e6c8b828f5d0d7bffe6a4b056cf527faacda3b67639c23f3c170558a91ed65f151a84c8ec5d1d27c5c1aec41516c04e2bcdd90e0eb8973bd1d58bbc09460928c9b1be9c0d2896eac9d1a30e0ad8defe67294cad9e12e4c0d76e36c7787c9d95a8fb4a2e5481bdac5b6b24a5497d7a228af0499295908f10f35ad8e3c74489e99406552e9178ca890481a153fba27673e5d4e66383276b9d351057bf822252c0251163f7e0806fd7d641b6f94927133e8e0222c56330f29d0deadcd338f9bc1c735824800d53d5c80a9d5bb7dd8639d967cb6f9746e3198df9b506bdf41532ebf48e598e96ac5547b132e36d76192f1e418d9d6c51bd641a9aab378a3c0c505d15401e77d4a9a652c0e9a75b5ff3695c9fb770d88c0dc95c5bd07ccb0b34d6009383d88fa9ec9e9fef19f4a2fb94af3802a9fe3efb932250863be26e02a085a0de35b734126c3d300b24229d7719188f670c1899606039c560af62c8ff5980d75d7d4fc9a8c3393cabcce33a8cf0df76392f278b6bf179d4d0d38dad28ed1be61d49456a2a6a40265042d272513018c6901d660c63077039a6256225d52516292e9e9e8c6274f46641f7398c3fb6db98b272d7f4240107243829162f1477848843919d1c1cd0b07284d071c9894f3777a6babb1c558f6868c7b7f7d81a9c13c3ef0f5c735bd5ec00e25f201017c28d02491bb3229d0b4595f9d166c3d5bba30dfd78199ee564c7751225bea31d9508531c691c18c5474521e9b836944a80061fcbf0f0a1c81f55fb6da7fcd7ca8a45cb590a6b45cd22726090402655ce36ec26d03cde61e4d6c3352fab7991395a29baae68338c89f3911f4001747a4f97b2333d88ac6bc749ce969c3646f27f22243d053518224ab17baca8b4cd1d0b5f36ac2c6546089316e5957ad0690754bccd7e688f6d4d000635b3f7a9b1ad1de508f9eb64e74b774a28a71ad9632999f968db8d028e31e2593569df0c42755b3ddd5d939e82c2b45b4af2f3c0ef28db9b922decf0f39d1a1a8a22c3517e5f28d1462b0b604150559f0f2f3873b93760f3e040e94da838c6d3e9e9e6603c426e3da6b32eec3cd2503d6bb9559326fce8cb7cb33cce9b4de46ebbf7b1a9439098aa0697f83e94336d4fd13b0cbed8db8d05c6b3ae28d971562545b89990ad407f92357eb617ce80e8935bb155a3211b68d1bdaa8a86a64db0d3737ff6ff6de068c7dd15469800d2cfd9eea4d7e9a12314e49f86e29ba2315c699c08578b822c5ea81a2e810deb77c2c9c1aa5d2b5a336837924ef55264d4b6b4136d6ce8f634531ceac0e482e35ed45a62d5222a7877b71b1af0717060770fce851743737a1b7ad05a3bdfd68aca8414d71392af28a911419077f771f78d17c78d3357ad26c44f905a02a230d2364684f4d39dacb8bd1575b8ed1233538cea77cbcb301e7fb8f9a718163b4b30d7e3428ae81a1f00a8b81ab35044eeeda2442639010871b174e9a462d2f97a7f16e977102ecd3f5c59fc0bde5cf4c424e7914786a5a63dbeb47b9e793ab71a9ad1ee75b6a31515f81d3d5a538c91832949d4ed022d010c83c8d374e13bb8e94eb037bb58f5b40d9b64709388165679c6a21c538c52adbacbf0c958361a5e454dffb95bf2336da00b30f3be3049ead33832353014f29141f9c782f67d4a4c5e3446b3d664f0ea19ff74fa3950e338531ae9d92beca3467e59cbaa00fb74163e9986d5bd5221de4d4602f13be1e4cf4f661a8ad0dbd478e30c61d45178d496d41312a73f29197948a102f1fc4040420373e1675cc8f46da5a71aabb1b1787fa7189327b6574109747fa71f5d800a68f0f629a7166994c583e7bc25ce74e1d477a622abc02c2e0680981352a092e04cec1d382434ccadb68d3d7af9e3596ffd5ca0cdedf583472f99e8cfb40d03eacce1bc97cb7326d0ccb13caa498277994344e75369a7e93a7c8eab1ea228c56e4e17839df67612606b2537034250e1d8c6dad91e128e1e70870d34e5127da74ede53e6c3669ecd38cfeee366001661fbaf17610fe633a6c2578b6327347f3733bcbec6b72f6292ffd0d39e8437c403c180be3fdac748fcea8cb4cc21c95423b766ad2938c5cd665a42086b9dc487db5d9102215daa39325e6875a313bd8ca98d6690cc9a5a13e4cf4f562b8b515c3046eb0bd0dfdcdcde8aeab411363427b6529068fd4e3d2f121cc9c3e8eb9f1e39839318a1935f93c31cceb88793d7fea84e988373b3662cacd5679537f16bc5c3a8fa1ee2e5899f71db20661bf57002c9189645c289c28b92eee6e981a1bc536edfe0b1a91174b570deb0c582b8c71d76cccd3d79f08a6dca658f7907ffbaecae2f939a6bb9b30d95c89338d6538595d88a1d26c8c94646320371543f9e918cccfc06851b63999b82828003e74918755d72fc7b70b9c7da78d7d87cd7f18b72b93bb6b6cf679481503d9ab96ed926807f4ef09f85eb3cc7310ce34611e74d0210c2531ee8e4cb40b0ddb4eb635a031271d537cf00ba80a19c17e98d0214e046d850fbd29415735f3c27087016e8a4c39d36f9bf91fea68378c1b22935a98b99fea6b331546ebd39798c533489e1de71f3a814532677efc1875f918af0270988c1ac3e2c4492cf0e74ba4f60ab5f93a0d842a976e53fa96cf4f228949bb77700c9c03c37158f12d24060ede8170f6b6222122ccb4377cb6c814e0fa125e11a0b794c7774a0916a7f099d78f1c9f5639d66456e6ccacca133274ebc298a92fd1c95a573a28cdcdd5b6436d1bca71a2b200e355c5384bc99c6cac22a045e84b4f45a69f05deee6a63e16c260604dc3e19089328dbacbb1862db69a3b1bbb6b63b048e1d380d01651fbfd249ffb2d706a68d917640694c0e1e86d7410704bbba2039c08a7eaaccf9be2e93705f200e17077a91191284aad4247eddc5249c04508c9b1b68c3746f336679bddcdb8249cae4604733fa3a5a0c70c3046da29fe902f32155d5debb7ad1f43bbe7e7e02abe74ed9c023ab16089c009c2370024d95481acbbaeed64adc50a10b8d8456743b1b9a101e950acfc0281cf00e804b4004bcc3e3e0e8cb849cceaeb5ac04cf96e7f1666d19af2987ef6fade0ddcd65bca3a37cbb78059fc8be8f4b1a57f191e069bce1f79fcd4c6263f2b8e9c7a2a6703a0958cd092eb4d498632e352e337f33e90093ef89da4ab4252523944fbc9ba323871b0eaab18c582789fcc5069ccac4b572a1c9705be3195ba99d1d30556fe96bfbfe00fb6bc346fe9d7ff0dfecdb1ddaad6356c2b5b4c31cce8d31d572f830e268de1a7373d09c9f4b994c25803de8adaa40a2c5176d45f9b67b7cda36f618d0fa5b31d34fe0689747da9a3070b415835d6d38dedd89334cbeefce5ec1faac361f5cc49d2be771ebd2399a863306383b68cb64d7f29993b6f2310227f094281a89dc9da65925e0b7ae5ec2dce47984c7c4c3338866c42f1c7bddadf0d4f1d161b17055f9ba87074e51165eae9261b75639aee1c3ed6b06bc0f26c65dc5bba52903d46bc6b67794c997bb73988f7408ecd9630638b5ae52f3b899ee6613ef04e0b43937a1dd3473bbd2d1846374be35492908e0c3e2ede60177170f5355ecb89b779a558cc31c0e5a7ad2f2948b014e35925a181638b60562f7ff0b38fbc2f181832ecc4f09aec0decd4f35077b507dbf0e39c181e99127af566717b2ce0de18cb3f174e203757518a8ad458ca717d2030371b6ab03f30c1d729bb61847a62d0c759a43e74e0bb4a63a8c32a69de02f9eeeef349545ebb3b69d91da7c70fbf239ac4d9efec9305d059e5e6be867669cb7e51b5af4fb3928955a0c3c52db04afa07038f985c1273c01bfba5ae045b6f94626c0d53f0c7e4c0366c787f0e62601bb7b039fd76fe2e39d551bebae33b6ad4ee1edd2158e2903961d402df7684a6c4b87c09e1a368c9bd54117044e4320aa49c1323fefe26007265bebd0969589643a5a3f0f1fb3a5d7ddd5c3ccf468083475c5d324f921ad9b311f7576d222b06de55e2cb3375b539f4a3bc3ccf93afcbe611e1f807f4876b58ce3a0e25f17dbac09ff86d62325cd5e8e3aa6da1921ceae087362f24fb062bd69fc3cbc10cd87a9b3906ca3779867ec13db04de9e993e49651baed032f7d3261fef6c35eef02c9de1e4482f36184f1e2c4cfdac5bff3bcb04d4ca9931239b629cfd6bfdce2ad9a62c5f6b48a61a575b85a62f627e7202c11189f00c883487b4bb0745e317671f58e828355cfd421163b5e2d6c531bcbfb386af1b77f06df30ebeacdf30e0bd5d53fe26e06ca069886d1acf183bc5b86d759c23f0ea33663afed93bb90fdb9aa12e8f74994e11e30d15a8484942a8af3f827db5146581a7bb97d950afa1950c0f57db5901aeaeeea6a9a880333b6cb4386c0a9fdc8c549a02a8436e36c61d504d095fabab1081d92b79350bc462a058e7c4d73af54aab253a04d7055e4ecef0737242849b3b196741a4bb3bc21c1d90eaed8e8e9c1413c696c68668f6466d5239c3a7f03293d393ccb346a9f92ab53b71b41d1746876826c8304adbeaf933341a36562d735ce3eb354921afe6351926e0b4ec709de64572a9a1a919ad21a90a7773711a37672ea2aeaa061e944817ff08f8c7a6f17534f6ba591090a006a471f0f40b41665890e93bfce9ee2a7e7b40e0366ee1cbfd9bf87257257ab4ffd7ae1ae09ecfaaec5c4b3b5a973b87c7629b0e4257ebc0ddce7ef6ab40bca13e64633a0cb71be719e7864a4a90c4342094a0c5044622c4270816375b69b8e6563521eec59cd247873ef086baba6ae5de26992a84f260da72506b8abb8550871cdc0d60871c3d764173355febaa9fa930cade3d5605c3aa3b75e6bfd36a891725d2dfc5d534750be3ff1370e810e25c0ea1293e18ad0921684c0ac5f891723ace3e5ce543b94707889f6f6fc4009dd6009d56774d05ce0ef6993efe37a7188f8ca53f69e295c059134064951a40af32a65da7f910e3cc010d322dbbc009343b70aabcbd3f3f856b3353088d89830799e61848e092b3e04627b9dfcd0a6b7c22dc43a3e16509406542346e9d3b661826e07edbba8befdbf708a40a8796e82067f1de24ddbbc0cd6aa2f90c1ea877f1251db779dc48e5ddd36a59a56e4843b671ca565a7fb5af0527f839f3fc0390161c8c94a87864c4a52182d22de0b49ea8d920ade07b72a8f0c993f2a55eca6eae5e86756a96ed6b0934e5f3f66eb0fb77c13a4ca61e24507a2d00355476fef7ea36952c0a389d2fa718ea414607baabe19b87a9a94cf470425d98175a627cd09d188c9eb42874a74563a83095e95a2bf6e85ccef1862a0cd3867657966088f9d9e4f00073a8e3b4f18a536738080c41905cde60ccbb798132784e12498028876b936ac5a7bd5be70d5892c8db7c7de7ea05accf5d3632798bf1b1afb313fed1ccd568429c23e2119c530497b018634e7c6313e1c1d7be163fb4e5a499669bef6e2ce3d3fa757c79701b7f681f01e552d35e6f9906bca19b7c317f118f68ff1fcd9cb39de07b5927371e3743e0a9a4fe96f642103c01799b40ae907deabeda969b89dc00b23b321a99c969488da6b3a4a3b59261024e13e32a78f2f5f287bf3518c1c121f070f736c0b96a6d9123342cda743a171807c52c0224c0fe3ec43807ed1570d5064fed5a52e59bad3bba8053f351372d81f1effa397bd0a0b823c9c71b25016e688eb0a03d2e00bdc961182470fda911e8e1ebe1fc44ec19ab2bc7405901866b2ad155518a89dea338d5db654ed25823836c00d8368e9bcd7597088a16296934ec5b7ef47d4d7e5ee7105862d9061926a6dda3b1b9cd718b23bfa0008171e970a02c79266420bcb01c9e3149d8cbdccd8b5777826961501ead2ac28d33c79878cfd29cace1cb43326e67031f08e2c75bcb66ea4b69c12b9a9247d3670d68ffef01793af1e9d69911dc3d338a0d4aa70c8b4e469ca6733e515f898aa444e4f141c9894f466176019222128c54063235b178da3a1f59b48a4ff0045c4848283c3cbce1e3ad43227cc93e6f04d260392ae6492ac91c81f477d05cf810984a6d956f501ab5e1455bcf049e0e93b01fc929f3e3430687f0c18820b3b3ad1634455a71342e10bd296118ca8cc648769c1983193118ce8cc39e8bb4c4dd0559e82cc865f25789136a4ba443cf759cd7dcd4cf9dfe3f77fc13b03b97d57e6ff2279862a2ae025860ddb5334d1bce09d8fae20c162f4d22342e1ede34264e4cba2d69b90638f7e824eca72171a7a374a7844632309f6fa9c6cd896378be346380fb4cc6bd63bc93540ab8f76bf3f87863016f96a7f0645a476cfe07342395044d435f3fb8388e2d9a150d95cccf3027ed2cc8437d4e2e8a9332505b5c61aad3e228d961d65084331d092450fe649d619b25d81cee171616096f6f2b871f994799645c0c0a8e3467e8c8517a12e4bd6aeb2bd631c68965ee3a63c7c38ac3bbafbd7d42e0eae607175701affd8216f3b73c5c756ab195a07923d1ea8b8a904074c605a137290c7d699118ca8dc3b1e2641c2f49c110d9a6b1e772670bfa0a73509744441baa31c6c454eeef9e368eefe66eea6eb3312740d4c64180d986adfb8dad1b80aeeb026d4a0d3199efe9ebf92bb8b77815eb64ced1aea3084bc9805360181c83a2e0959e83089d9d9d9e8d03c11170679cf1e68dc80e0d83e2aecec27eb13c83d7abb6e4fb3d01d30ac1bb1582a9d992eb73f84cf03447a9d866e4f1ef8011cc87d35a0d3f838794539db9bd38d287f1c67ab4e615a0b1a0100d45a5a82e2a27708588a60a24f0e1d182708c1aec904d7e621adf536060384122a0414c5f0898276f7228e55ee709a835bd80d361ee8728750e04e1906a6c3ce8507d434c033a67fe8ea7358cf13b0cae7c1804a68e6df1d6d12dfc3d5f8217a17ecf161fe48658511b158c6e82d69b1a89be74b22d3f0963e5e93859968a91a2241c23807bce35d7a3252d1155711118a5842876694aeb3e936e81b53177015b8b97b139afefa9498aad55d1fa8c8d81f6fc4edd004c2f0e82b649a6ded1cf9846dc5fb88acde545ca6429fc1293e14c901c022260cd2d4258450dfcf20ae112c3f480b1cf871fbe3e2519eaa3a245d2ff4c2e2f11b439bc5cb2cd476a31f5fdeab4995c3679db15dba1e63abecb7e14a500936979323b695878e3ec282e0d76a3a3b408eda52568a1a36c29ab4053651d0a32f30ce33212330c70b1918cbf044e314c43e7fe84f0e7ba6ab7adbafe05874499c3fe3c098ad8e5c61b7fd82c477918e0bc2ca1b006c6c0893f77b392698c9f6acce34cd0dc28bf0638826ae1d7da1b17e3e387cc003f944404a02d390a4339b1e8a72c1e2f4ac3c9d24c8e740c172418d08e97a662cfa9fa2a3424c6a02b3f0ba7e82eb5db7f9d636bfe2a1e51e2b679f31f723ce24d7bb8a4d757b03d77c9ec8cd9d23ad88c8012b0570ceb1ef0fa70691a9bfc370fc8b64dbe5e9ebe8a989c02f8d2f23bf10976b086c33b3d17012515b0e4d1a0502edda212610d084657519ea9d052899d80d3e4b298f69cf9e433fedfaaec7ac1ff4ff14d13cb2ad3d3a9863ad55787e46df0b5407bc6874b6cdc99d5f9a9345313a33876a411dd5555e82c2f33cb4ec73b3ad15ad38094c838a444272027351b097c800cdbfc299794cd0002141c126dce87135056bf603a4aa60894774d902b7d71676c74e33840b3b1ef90bbe95be61f1c8bc0d004b87a07c39d4c73a34cfa07c7c1dd3bc4f432f3f60e62acf433c74c07d1c1c65b0391131480f2f0400c11ac91c2149caaccc799ba129c6b2cc56443095f17e26c5331261a0a694ee826ebe269350b72983c9fa41999c483d9293c5d9ac3cecabce9f5f8626d11cf5766f194403c25204fc9a247bc7902ef31bfde24909bf397694808246fe84332619b32f7882cd95e99c3c8f02042b3f2e0159b4463128ec3928ca474049555c1afb014ae71a970a339f1f2f5c35863ada9ea1260f6a1d56fad0c98e2209a2181f744c9f655d5999c33271bde3d7bcc5c75aea8c07ac3874c8c548eb74df3b240168f34d699c5dd5e1ab10baaa3e9e9464b559d01ae2c271ff994ed343e5cc19473c9a2950cb312b8703e544949598c6bc1bbb2190d8bd299f018b83225f0a282b8f804623f813be848b3e11988b0a854821e6f1af2b812345fb24f0c549f174f9f604a2c99ab1511e682e14c37740c4c5e7020aaa343d19f9f82deec789cae2ec2447d29c6eb8b71aaa984a318675a4a30d15c823d679a6a511f1f8de394c95bbc29f709c0ebfbb4dd1bb7e9e26e9a4ee4ef6eaff1e62d32e6d0c95d635cd136271a874773b67dd60f08d8369ffe2d9a8507cb57b0b53265407bccb149b6543435c2272d13eeb4fc07281b07f8419c629311545e05dffc22782467c29137cfea1f44abde6ed8f5f9ce359bf5a711d190640abc1d150369970e6396629b86d8664eaba7546e936d729a62a324759b3f97eb3ca19580d66634e6669b65abb99323645c07eac9fa2cbe97e6ca2ae4a76622898c8b2020c13423164a7770540222f960c52766c2c23ccf5b87f9f13338cb6d322ebb078412c0381ca47bdca7245b478f0545233832193e81d166b8fa321606d0dc582328a1e1549648c64a329031d29fb21be91380547ef67c02d7c81cb6233d16bd3989182ecec6406126fa8bd231549685eebc247466916494d13d1798b7b526c5636aa81bf7f9847e7ebe851f6f77f0edc926be3fdec4c7fbb7f0f1de4dbcbdbe629ba95733ea95058238fff36aa494fff621e3ced635c6c6a58b641a259540dee50d4c2a28816b620adc1252085c28f6f3893b141a03bf9272c3381fcaa633a5ca9ff234d5d3694ac9e51e7fdfbc852f74931aef09a2d2803704e3893aa6326ee9fcecdb13da1dab7de943b8afd5f229753bbf688c8b1274bd5ed576e7e60634e7e7a1afba0aab93a7b1387e0ca36d1d28cbca475311635d49190ac93875464a884f815f600859158ec884344431f6054726c29faed783cc3aecea634c47605c0a1c78d303c9c8fd2eded8c7f8e6ac0e0a4c6b7c43298b8c69f6a1e52b0f5e7d836228b38c9574ab6a72e0c7d816cfcf9dc33051111981febc6cf465a7a12727056335a574d87538db5c6dce0c1f28c9c24051067af3684ece36d6a03d2b056b57cee0afefaff1cf3fdef1fa065fdf3cc2d79d07f8f4e02e3e10b80fb7d678f3567f02271005e6ab6b8b7846197d42363c5cb96a40db5cbe8487046c7b6916539a9b4ccb822719e7c29ce920e3c63fbc02b1972ecba7a018817ce205dca1d0687352c7a58e5613df248f629d40fbc6fceddbc60d7cbeb78acfb797f162f192896702cdde87453322f728950ff9395e53ae25932f3401cdeb5935cd267015c94958181fc3f2c418a64707d05bdf881c4a633b0d4a338d4a2ee53b3b350b613ac82f842e92795e447c2ac2b4df8f712e2c9692cef7eea8c36bc516cabb03d38000ba5131ee90e63519f3c212d2cd3cac8b7f382ce1f1f00989850f639e971ff3575fb296a0c9e458e850fd399282429147e0cac3c2d0141f4b96e5e2542353b3fa323346aa0bcda98e132d55f4215598e8acc19e639585186baac4bba777f17fd486e9cff7f8ebeb2b7c7fff149f98f47edebc83cf944ded085507f18f3756cdce998f04f1fd8d6b6608c81dcae813c6b5ed151912ca25815c679ceceeea838512e441e0bc783d1868036e1f5d974766ae01ce92998f833201b4df933410da81b343c996540ab8aff7d60c6802effbbadec7026399ce1e18c2e2f051333407a95a4bcd590ab8c764de4bbe8f1dc6e2e19a2af49495a0bfa61ad7ce9ec10ac1bbdcdf87ceda6ae4a5a7a3ef483baae9727312d3909f918b08be9710a604022a223e1dd18c6f16c6353fc338f522a32b548ca38c3a513a3d180bf72a99262056a609a17169f0a25c8a695e8151e6b5854cf30d1070c1c698f8fa7210f470de8f8ce030948484d16b4462a4ac00e7548176f408ced02c5e1decc2d5e12eccf001d5de0dcd55cef121ddd3471d5541cebfff7c678033e0fdfece00f7f9d9037cddb26da017406fd7b490b96c76866aebd347b2d07c8f3f7bc118f894cc13708a751b4c216ed3996651867c5373e045d6f965e71be07e65f0de478d77a02405d3a088718779b3c2183bc6ab2b71fbcc71b3295f314df1ede3ed157cbcb3822feb6b0471d500f750bd892995629b4ae6edc0c94d3e9f5355f35926f05770fdec490c3277ab484ec6f4b151b2ed34668f8de0e2601fdaeaaa51575e8ec1d64e54f0bd65937de964582c19144c0082288f024d005a990e04903dae7ce85cbc999c53217cc948471f9bdd17e3bc0866587c1aac8c79d6f0042397d630ca2619174ab362f1676cb384c04bffde4709be1f2203425010158d23a949e82bcdc1b9ce23981954f5f8200dd5206647fab1a4c553bae20529cc39d5eb1cc79e5e02f7fcde12fef9d75bfccf8f77f8df1feff12f49e5eb47f8f27413ef69503eaddbf660dbc70702a57dd95f18ffbedcbbc1d8b3829794cca74cb41f92751b7ce2b7e806172e9e430065c33936053e7c920398e81e60c0ff07731813e762120ce3bcd272e0c69b12c10f3556516e80d379690fb56740e05d9fe7c3b140b95ec227b2f035538c47044e52a9dd45ba0a4419117d5fb3242f97e87a99579e2740fd0d8d682d2ac1dae4392c9e1ac7dc896338d5d3857aa605c5d9b9e86e68461153813c3e5c8931a9888a484428cd45784c1a8d492682c213e147a9f30d88820bdde021dafde0e8143812000725e0649113d381a0981484906dde04d94ad07570af1f01f4e78320f0fd6854fc18df5c3dbc6972f8372c7e480e0b45754a025a19d7c65a6a7165a4d79427a8ae64f5ec981972fb2a57b8c6d79a5a343527a7dbebf0e5c57dfcf5e30dfef5e32dfefdc71bfcf5e539d9761f9f1edec33b02f3c1def1800c33d73b37f0fba30dfcf6588d636e1ac609b8270bd3268fdb2468eb94baa347db60a1633cc484d6977218c49ced705024fe5badec2915fb22630c709e04ce8b372b8a7143c0699fb9ce51d349854f6854ec29c19b1595a0d35df2ff784c4994b3540aa0a1d75a29d8d6a9868c7f2a24ba7bf13c8e771f45757616c65adb780326303f76d2306fbca70755054528a07c37f03d08b84cc6b898c814242631214fce475a5619fc82e210149684f0e834139f74ecb546686c1a1cc93e674927af5a5f4cc92f37a5181682e543b0bcc3e210488063d372114919f6f10b420019e6e16d41506030635b188a13e2d19099826ee6af634d75b834d0658a85049ebd6f97fd7aeddc98a9009b1f1fc19ea9d1a3f8e3e313fcefbfdee39f7fbec1fffef9163f3e3dc167c6bc8f5bb7cd0af4fb9bb658f686c6440645407ed152cbb30d3301fc9ee9c22bfeec395385070b5a7b9bc2cd99cb88e7d3ec109564038e799c3f19778849eb2fb4d2fbf9941ed805ce9912e5cc381043c3325e598e6b2707cd115cb709c016f3b41d26d2af5557b96c03ee155dac80332b032a0e22c0cae7349ecdeb0c9e09827c15f3b4fcaa9fa9a5539b3f719cb1e1042e0d0ee0f4d1a318ebea46555e218a523250423759989285d4b864c49165597955884d2960024dd604c4202a3e8b318ff6de2fca80a6bccc1a1a8f43ee7e268e1d22db4292b3109e9203bfc824f8523dfcc83c2b1918c6342231ab103e4cea7d69beac34254a7bd45128372c1af5e969e82d6762ddd54a3538f6b35f97e67eed1df33423a5c56c4d70d85b20ee59a095fef1fd39631b25f2af77f8e7b79794c94d7c797207ef36d4f58040ddb201f79aac1278ea80f06d7b1d5f76eee18fe7749e776f9a9f3f63c2bebd689bee9a18194218e5f160440c1c2889bed979f0e170606cf88797bf190e5171f0292c814b72063cc8b80402a782d5659d9645e06e9245f76932b423e72593ffd77f1b6a97f17876124fe72fd080d8d6e5ec43e0bd589c36d552c32dcde8aaace44d19c32cc13b4f5332d1db83a33535284c4e476b395d75753d4ac88a144a7a7a5a1e92338bc9901ca600a938e86c453c41b492791ed648387806501683cd31d80e629b5f280efb87223c8b4033be45a5e72380795f505226c2d3f390945b8a08a6134e4cb47de91cb5ba101a1a8e08ab3f0a2263d194996196d4664e0c990ae57bb3ffe904abb1c5cfaaf06342d0eeb4a2e9107bedc2047e7cdd21d3de19a9fcd7f757f8fa6a039f1eddc6bbfb6b664deccdf545732e8dda2ea96796629a1a7ffef6761b5f9ff377190705e80e9372e574b767aea0a6a91e9eccdd0e92550ef189f0ccca817b66360e33b955127e901f783f6db7577e215c28516e9495644ae5447395399ee43a13ea1b9a11b938ce249fc0ccab5fd715bc5dd15a1cadbea6b3162ee2195383173442cf172e9921d66952f9093fe4b9bea3682d2bc689d623b832d88faba323649b0aa0fa505b5080fae2728c7474a3ada60169ccd79253329155588eb88c423ac8045883c99c90048444d12512345f82e7ccf7e811140567c62a077e0e779a181f3235baa094724febcf643e9c0e3590d21b9f5f86bcca46b8302cb832d10e52524ffb1f1e1cced81681e2b824b415e6f301eb3005c2ea92b73e67eb0aab21d0ecc0d91967efcdbce7c1b55902f71cfffcfdb5197f32be7d21e33e3d54e2bd66aaab5ef066696dcc3edda599938fdbb7f1fd835a143ec087ad5b94d015f3b30dbac1e9f3e71053540057e66d0722a3e1984c73925f008fec1c3845c5633f4dc841b2cb9176da9d79931b81730a8e420aa5e45c6b03566936ae9f3d66ea4ecc91249241d59410b85794cc9764b5269c5f2c69fef232819b226857ccf6aa2de671db94d14dbe1eef69437d7e2e63c271cc8e0e62b2f7284e33c11f6e6b410593f1b69a7a8cf50fa3a6b80cd94c4df24b2991a979884aca4120cd495004f3b7e0380413384fff28ba430247a6a94ec689d783947b1fb2349a0005935dbe645a001d723043425c49250aea5be1c7502103e3a5e5a230a63c0c15918c6d5ac06dc92fc6c9234d94f461336b25d036662fe3111fcc9dd5055e4504cd11cf98b960fb84be01ee0573a3dfbe3cc35f7fbcc65fbfbdc26f8c775fdf50feb66fe1dbe62d53cbf89c883fe31fdbe63f78303549b777d18025a6fef6e111de3eb841dbbe687e6f8b4eb0adb505413979708c4ec0a1e85838a6a6c1232f0fae9959666a4bc0ed671ee7cdb8e0c4a7d52926d90097cac07db1b3c50077936c93549ad39cb458aa9a92990b66eacb3e8769a6c06882b4a9512da234d4814120df61123fcc3ca8362f074b4cb80d70fd3d66917880efaf283b1b7d6d47d142f02ae8388b0a4a18d732919e578194ec52bac0744425e4501e23e0179608afe018b8d28008385fcaba0b5927d022728acdf08c4e4248463ea2097e587e09d26a1a91525869332f1e0108a549b1325d88204363a83415cc6b3b8b2b30d67c840a731cf7b434c687ed1153284d6e68c2e319c17bba326700dce6fd97546a18a9fcc818f5c7b717f8f1fb2b02f712dfde3f328cfbb8c53c8d39938a519f119027649b80bbcfe4581b0ddfad5fc31f9f9fe0cb2ee35ee909e17fac49ead4e202f864e6e02063d88128e63a4c723d0b0be0c69be5101d0f0782e4c0a7d659650c9428f7c474b83227ca0d0bc795ee76ac31bedd60be22b9bcabf3afa727098662da25ec30d578becc18a7ab98a6cdfcbb0c14eb04dc733271fed428ba9b6ad0c9e45bc0cd9d18c699be6e9cece9464f4b0b0ac8fede760257db80daf26a24f33d449031990555088fcb20887908a421f12768fe1149f0622ee64c23e2498b2fd3a1d326e30a0972653dbcf8e059923210c0981e575183ccda66645534c09b2c75f10834e72fc4c46599833262a29391c0f051cbb0d1555486934d0d0c09a770efca796cd395cbe0bda1a77845057bcdab807bbc624bb3249b629d69edfbe9d5167effbc83dfbfede0cfefcf8cfc7d79a53e91b7f1fe0e6dfeea3c63d7349974c1e44577c984ebe3037838738e6ef43181dec6c7cd9b78c144f9319f86f1e1210465a4c33d251d8763c9380e0732cebb80b12c3313876328955a2160ac13889a6c7661d2eb411353191f8b59269f2b3a88e2dc49cae509dca1cbdae4ffab87e611dfb4d824f05e9279629be453c069ec105c6d1f169817877bd158c5f8d6dd698cc91419778e71ee38d380ce9656e46565e3487d039aab1b515e50c1342009e9341271042c31a30821d1ccbbe81cbd98344b222d64993b59e7194520693c826966a2f34a0d78ee7c00234b2b0ddb9208647e633bfc990f7af884c1d3534e32922906f358fefb38fefbcabc02749795629c6cd3d979772e9d35e7243ca3f97b47c72ee3f78d39f4f787f7cdea8c1d387b5774c9e69e0f2f36f0175de51fdf77c8bc1d1b10cfefe10b81fb44197d7563113bbc49ba79ebb4a1b72686b17abc073799f8fef9e131a5f59101ee39f3ac07d4e78a23adf0ccc8842b870363dba1a46438d0397990712e64dc014ae7de9008b824a4603f355fa039444b7ac250111f8df963fd583babf2bf1364dd18cdc984f9bf1f6b9d8f6f7a5bad3168549e93619a8c1670629a1d386d6c7c4e75d0668923e545b8706c080be3e3fc7a9449770f86ba99069495a3a1a6168d94c94a8296c41cada490373dbd00a994c968c638ffb004039a8589b73f13f040e66dbe04d75beca27b0c614c8bc82e32d7909c424491b549b58d48ae6aa09b2e3072ea698980c51289d8d84c44303fd46c4c467c3aea18efc75a9a70a9b7db0077f3fc041ed3f87d54c3b9ad757c7e48e3f784cefec15dbcbb7b1d4f98933ed2ac14096437297b3ed115fec958f583c0fdf6e92119b7c5e4fb1e3e6cd329aeafe2d98d0522ce20c9a7fb0e1dde8d53da1fde85abbdcdf8fddd36bebf7f686a42245f6a5b14c380eb999e091701979a8e7d893428649a7b61115ce92c0f6a6987714e12f92b03b51b25ca3126096e01a168cc4a63a0e6dfa754ae310117eb6e51fa36d4de504fda2ef3c46c0db53894617ab6a098473957fde69549fede4526b23de8282da45b3b85b9d327717e7408e3030318eaeb456549293a9a5b51535689641aa4ead21aa4d0b267d11986336e4526641034db3ca33f018848ca4678720ebc2893629b1f7f372ab704f14595e61a5d5481c48a3a035a2c191898920d3fc634df403a4e6b141298d00705c620918017d18cb5f3ffbfccf7317ff298a949bd47cfb043d7feface75fcb643e26cdda34cae5236997e316fd6cfb6e7aee2914e9ae4e79564ee79fff41e7e7c7b861fbf916d044dc07d797e1f1fe92a5fdda131b9b948c46779f3264d427ceda42a818fe24a57137f6f1def9fda0a79645e268e8f209cc079482693527098127920390d8eb9057067f077cec8c2819844ca65a261d92f745ace71290638afc030b4e56661f9f408ae9dd38e949358fb1b70db94091dc3a5055c49a600146862e15302a6f1988c7fb00bdc599a9ca3a505b8797912f313e33425dd46c6bb8f76a0a5aec18c44e651b5a5d5c8a1ece5e71421252b0ff169d9667ed287a06919269892174df90c49c8840fe39a1817405325d0124baa99bf152291c0a75636d049d295f2fb16b2caca7fe74ba90dd24c4c6a214219237368c4aae313304eb62d1e1f65ee3662f6586cf0c17bc2d866005bbf8127ab36c0349eadc863ccd363cce0b90efa3593f9b3d8f3e515b5944cfbfdf323cae4037c7e43d076eee2ebc3db787d7b19cfd6f88b924aedd4a129b97d7a10cb831db8d852435adfa0fbbc495d5ec636a5ac9ac9ae8549b67b7a1619c79c2d2583c624178e794570a3d3724acfc63ea500c99994c918ec55194364828973aa37e9cccbc5e2f8b0d975a971f3a20a6d750ef624d38c0ba64ce291ecf2cc6502a64ee797c8325bcfe5174bb3a69daf3a9f6ff2093ed9528f8e925cdc66d09fa31c9d1aecc59913c7d04e63d250558772150c9557a192ef4b314e4d0852f89e63f89ec3e314df6261098d4360543292724ae14f060513507fb24d714d322900055c66cd1164d7b51800c5367ddf2ac315128d5826f351f11908a3a32ca4c21c898fc75902373f3280cb43bd26e9bebfa0b9dd693376e8e2bf3cdec00e63db23cae75382f68239f26bfb121a817b4cf6edf9fc729dc06dd3da3fa64b7c844fafd70d709f987c7fb8b38a9774954ff907efd38e6bfe5005a6d704dc912a6af232e3db1a7f670e1bbc79291555265f73a7a314704e69ccdb32f3e1c0bc46c01da6dd764ca0c34ccdc12f342807c2e9d468a31d18b02d4cc8bb985b5ddbddffa5b9395d657def0a3882a1b145c0b6a62f9371974cb3ec1d3e894f761b66ebeb8dcbe7cd315d430d95682dca3665f12aa73fcb27fcf8f028e35b150ad273987c17a39a294b47ed111432e156e7bfa4943484520db406a795013fca64705c3ae2b28bcdbe8660021296598084e22a93b3c5169423896065d145ea2ad004a4959fd197b228494d2baa41085d74b88f05f9befe68888bc3487909f3d5265cec6ac7f4681f56d5448ef2f7ea2eefe59d353ca49354d9bed6335f6bca71fd16ded2b4bcb9b16a16aef599f77c7a4107f3711bff94abfca27eff9bf8ba437372ff3adede5832c9b7e44989f53dfe0737c706b036dc85f38d1578737d8632a939ca195c1c3b86c0f272f8d22db9d06a3b935d8768919df9419df38ae19c5b44c6e5908db966b5606f489401ce8d37c091b2696132db5f58889509dbe4aa86e6e44cbde6159d5a68036f73e6121fa20bb6b6f4ea6e4e10059ac6133e89f72e9cc5fda9f366cf79535e3ad382633833d08bb18141b4521eb3e213d15c52869aec4cb49796a29cf1b7880a1117168da8a858b243312e8d4977120269dd7d298f119452ad72f8914591ccd914d74299b3c530f11668baea6b991649a818e7c97fafef65e55723d4cd82746f2f548707e2447531269b1b30d9d2888b1dcd98612cd6e7d4691e3a18e2315dfcc36b9446e6c5cf98127c79bc896f1c9f1edcc3279a97f704efd5ca225d251de4779a8c1f5f9ee2c7e7a7f8c6e4fb2be3de07e6696f6f2d63478ba39a37a35b5be7cdbc393664a452c0a92ce0e39d25eaf0341a9b9be057590d4f065e575a7f878c3cc638322e4b6c2b638c2b2788b9f0c92bc4be9048239587299b5e0cf68723e3e9be42305052c21877cccc82db19a72349ee11280127c004dc969ec6598e69c5bb2b064081a627719dc0e9fba7da9b509396800b6af6ddd16a76d6d61414a39ca669a8b10163ed6d68c8cd467b4539d223a290cc7424816cd36993717c4f09e9f988a221094fce3613c8563e60117cf8c4322f2a845201b14b4005f173aa0a5bf2995c56cbaf73992ee4218ea6258a6945bc8b050d91a1e8c94dc1e9ba529c637e79a145cd041a4c8d8d9ce586ea774892e7b798bf6983cb53e5c7044bedfb776818f9f5b7cd75d3f2f8d5328153b22de07efff0087f30f9fef6928c7baa72856b2637934c1ae0986bdc3dc3b8a3c666fdedb8dc5c8dc757cee0e3cd056cf0e62595332897d7c0bba4128773f2e1488bec9c5b0c27067d81e6c218e2c404d5232b976e321c0723e20c70aeaadbe055c0f59171cb3ab0887229e0ec15d21b3226bb6cb34be60301c878b739addc6eea27fb049ce2df55e671f599c918696d406f432d3aaa991847c5a0b7b606e77a7bd090938dfeda6a8c32de644747a3203105958565c8e5fb8d21b324958a718a6d81943c0be533a9b2d698139302680299f22856491225939250b14fd35f89c5350638adbfc5b978a3213a0c23a5396673a536545e6a6b30f524937cc03473a239487dd6673796f1db4be6c73aaae6cb2b73fdf86c0bef9f6ce0ab7a54dfbd8d974b0bd8a3e92d0d01f71b019453fc4c47f99e86e325f307cd9828f1be4793704bc78e512a97c8b8abed75b87d6200af57a771e9d449041652262b6a98af09a46238e4ec4a24871bbfe7c8a7d3352b1fce3426bf0445e2206fcc213eb98a715af65171ce2073bd85b151b3c9ff3a13e99f5239b57b7a21c112fb74552da70190e0693eefd1eeb8c59c689d52a96d60cd7919e8a828426765199a8be8fefcacb832328ceeaa0a5af21233093dd1d381069aa252c6b78aac021450dac3a313104406790745d3d627239ce084f3fb61bc0a280124a6491a15f33c68b0049cd898525e6792f4e4b23a4467310572f345a8ab1b4a83fd30c8983b5e5b4ad695e30c63f099a64a9c2003275aebb0c2875555719fb6efe18f0fcff1e3f7b7f8ebc707e6d6aff1eddd53c3c0df7619f77a6589e6e4d50651dd3293c55f5f3fc0271a93cf9b37f0f6a6e61ea74d3f7f59ee75ddc889517354d96c6f0ba608dc526f1b76962ea39b563b80a0596bf8a6f994b9e5971aa63966179aab0bbf16707e65d5d8c70fb93f3c1e8779430e310efc04ce3f080334270bda1cc9587aeda26df1d00ededf973acc49862ac615e304e26edcd3f7f4fbdaf8a7b6fa6d0559e82670f53919682e2e4069521c4e75522273b2c8ba3e4c0e74e16c7f277a6aaad0cef85cc79445a50b21e131b084685239d6748288a32c46510605607a55a391468166679a801398fa998c89173f536c7e8559447576f546b8a7172a234271342b15c7f87e8e9517907d793429f91855cd0f41d4c3f68446f03399f53fbfbfc7fffcfb0bfef7df5ff12701fcfce631be33bffbbe718f0a4793726d19ff3f5cb09832148cb62b0000000049454e44ae426082),
	('Christine ', 'Faculty', '1', '', 'christine', NULL, NULL, '10', NULL),
	('Cryzza', 'Faculty', '1', '', 'cryzza', NULL, NULL, '0', NULL),
	('John', 'Student', '1', '', 'john', '1349723', '', NULL, NULL),
	('Jonna', 'Student', '1', 'jonnabohol43@gmail.com', 'jonna', '1350442', '09533869211', '0', _binary 0x89504e470d0a1a0a0000000d494844520000006e0000006e0806000000c65b26fb000050de49444154785e95bdf57b54c9d6fecd33d8300e33303e480811e2d61df7e01a020921eeee21440981049739e73cdf3f77bdf7bdaad6eeea26739eebfd615d7bf76eaf4f2d2dd907ca2b7e114abcfce7e848a92cff45aae34eaaca4e492cef7b29cafa560a33be939cf35fcbc5b4639273ee986451707ef1ec972ad9678e4ad6e923383f2ab9e70e49def92fa530f34b8917ff28f1d21fa534f6834abce247298b1f5789959fc0e3535251f9ab4a39cef93c85cf9557fe24f19a935256fd5392c4826b259527a4b8e2b81495ff2085f1ef558a63df4b0984d7ed1a9f2fa93821b1ea5f552aeafed06359d52929adfa512af0dd79d9872516c3ffaef94b62f8dd39e987e5e2852392978eff75fe9064fbc75938cf3d7f58af9be47a293c7f44f2539ea3e45f38aac7828c2f550a338fa15dbf92e2ecafa52cf7b85415fd2a95a5bfa3cdff92f2e23fa534ff6789158249d12f5251f2ab54959e959ad805395055fdbb02abacfa4d8fb1f829072f0e90383a70382fc09fcffc4af2d3f165694725ffdc970aee228e949c738725fbdc11c9043c8253397b4472d2dc8f8c157d2fb1d20434c2201482d3c715277104201c63e568c0aa93d16bf4f92a9c5702361a97a0d8c814c2aba846a3e3734ae2f8fcf2e30a4ca5f43b95a2d26fa5a80ce76580173378f89c4afcd74afc77b641151aa5e637a9c07fcecd3c2ad5b1dfd068c7250f0d7d11000829270d82738221b88b0068e0a2230111ce852f71fee5bed0f2f938e3a83ececf3a26f9d98097fb8d94e69d92ca923fd1de7fa89417ff0668e89c0550ae6202fd43a1d5c632e50061594f77bddd3d36cdab02b88ad29fa4bce80700705f9c03c94e3bace09c101c40111c348e5a671a78f19cfbd125055f4b69f17791c699b619b8542134d346d3ba329e136075a07d557c3daec79d76127abc1caf29c37794025e31a015a1c3e51fc5f118407e0b2dfc4e35b1a404bfa504efc1ffa394a3b316e57e2bb9daf04714920a2111981705c4e7d916694eeb522555d354f0b9053816026a7ea6d3361e0b082ee76b4002b8d2bfa4ba2c0d00cf38ad2b812582e61162059eab04b89a7886036766d2ce0d9c428c9d927298b8b2a2efa420ebcba8d7e4c21424b48d2692da866b8096e34d66368ed438bebe38ff2b89957c9f048e804aa00566124d03f73b0f1f97a7802b85098c979fd4cf2d293d0120c7a5b4f01bc9bf08739d85c6cdc4efca70e62d079d2f2793d70fe37980ccfb4eca0a614d72f0faecaf1488764e0249779a4578210085939eac6949cff96baa51d65efeb30ace3b0b64cf99a92cb9f80dc01d8739fc13da7e16d0ce4825a4bc84daf607809e968ab273b00804972d07cc449ab6ede7f3623198ad929fa4803dc47e08cdc639673e2e9e3be8cc482017a19199047acefd9192fcafe1e31c30c23218062d84699aa820f05a4aa8a5eabbe0d36816f531cd61c9b75250f435601094f34359e78faaffcd80bf35e16fe2b5ecf35f41bed4c6549f9502824702cb4c3be8cc630044ff9f0711be7e3f90213435a39002689c8af9387418d7817e0430685be579f8da7370578447907f29c86a80abaac8934ac80102233c036726d2b48ec718b4aea2f4a414e77c852f3e9630090609e0b2cf7e01d3785883126a5f682af9dae2bcaf149c8149d5a810164114167fa3925ff855746e800a4b705ee6cd2e4c626911a0e5e17bb28f464143e639823ae2609da6093f2217bcf09a1db3d2be041cc2747231cd818984ff1350ed71f4df3d90542dfb47a1e6121eddcd85843652db8a1098105cace8247cd8798021bc348547f3581d3ba35a581d4f03b82ca9ad2a4cf8b850d39cb6fd2c6531060d70e0f19f1cb85caa78c2e16aaf0cfe6436c0b988d24c25a1bae70a728e4979d9090d3a4cc34268663629c5805302df545a028005f04f805258704ca5209f02d38260a70c7eb738ff1bc9cb748d9295f695649c239c4349a0f89b08cf1e87124274da88df9d469f06937ade5917936c7652748af05a2ab4ff0650031a6f8aed75a671f4adf1e29300745eaaabd2155e55f939c03a27e500c7f3aa0a5ecf94ba9a2203e7c4e0a9b669480e875d79521d7f7919fc091ad10214fbc1fb81a3c6659d39ecc11d442fc69fcd22b84494186a989a4f6853298289a22280c8416fcc3ea292072dcacb3aaa911e7b6b6e063ef302fd15ced3d1b830c9ec1c59f86e0703200cd469772de3afc39211804bc7f5741ef7014931737af1bceba4a65d348f0c480c44c22d78cdf4da196a63284c118a82ce10f93803478d8b9f97aa4a4a9ad455a63b70954e03abaae0dfaa2f4a6d4dbe33950e12b5ebe7281d30ed2b6563c74fba462ea48f4bfe3121389a4aa769349d07bdf6b1610f6a50102b71da95eab7d49721982884463387cacd70bd91be273ba573680781df0cfd16bf27236af8632a0ac7833358e1f9d9b3c7240d9621159a897e2ecc2d6110187f4b2a08ebbc962e684786f0b5a9e054c3b4b325d2025e33534970ccd76a00aaaa0a5a579dae470273d0ce03589682ababcd711a17052395cca512217959dc99b43823b9329833f816f6fcf0c7248103a0ac335f789f77d0a505e71c5cbe9e1a5b81cf29857619386a9902f3763ff5332339e7d28c4c356d94affc31d02288fab3d34771fe2524f17c28d4b4b3e850e7cf7efe5c323c0f2405827658fcdea2f464531ab58bcfefcc1c5a70a2f95dca6bd5cf41e318d596206fac8da74b5d5da682abadcd4840accc8209cd06b45c69a82b721a17820b8306336904178bc1b4c1f730c4d62f3cefc05d64d495028f26930d7df19c33630a0e26a21c414439031484ec6508d98b90db15e430a7e167ba3f69af3758262ee809411d55f367be8ce719a79da926bc7f8216bdffece7a6d23438ba86ff9171ee0b68f841d7d06ae61230d806a920f439763efe97e8b5875d9a91022e0a50a871ac9c141c97ba8af30aaea6e682343464479a575b9309c996c68602696a2871e98025df4c5e53a33dd33e6a0813da829c547001346d6c9a4c9a483af383faa7f579fce91244a565805756088dcb4324481fe67d2625f139acc2000261b112434d3bf3798041f3e8c03988068dd74d034313b99f84b042f39b9dc688d345a81a94a4d114d2d425072749c078b4e0838108b5ce834b7d1d9fe791298195bce2453f4a6da503476dabafcf527034953cd6d5664b7d5d1e8016d354ba90bf5c0394536a1e53c3733bb21a5194772cf10352cc5a36cb42d418fa3798cc0c1f98d873c570c44cc48ba165458056c8a0030140e42bbcb659a091d4fbff8ba49f865ffbcbf9ba545f96fada501291e4b1e898480b1c2c823351cb919e082a285673a4ef5773989928525034814f81464d8c224c9a5c0fae14e02a119050db08cd4c25d30285091fd7d850288d4d6572c0ca4b4ebb18a4fc9ce2e71c341584e76c78fe00165ef94758483613a98090cf659f75bd5fd3029a4d0f8fef0bff70e4037c072038be270ce55321a486f6a166a542b3c7fb0174399c2b90675940c1a38714fe363ba7848561934298fa4256622e24fe1f3b25af859af64f5288cf28b8085359f89354569f91da3aa76d4d4d390a8f1aa71a58970d3359067031a771d4b6f2ca9fd554ba426fa204156a5f218bb50830ac17251afc6004ce0050e3341d389bfc5cf883ad4192df8b00230aed8fc97968d2f9bf0e69686f669092c5e70907cfd9f508ca194b073eef00ec147c2f4db09a43ef8ff83b3438e2eff2e794b08a1f6a58084e830b960359304e821a6a64a2fc158a5ee7e72338292d3c0e0e672233491fd7509f033309edab41344933d90870cd0aee14e09cd45a9fcbdb9cf6997fb373ad5ab0c25efc0d427b07802acff0d7c099649e8130aa5473c3402501d98019a8fd249193215cb720c4fb308312a60076ee342bf11e95147004c6fa2a47325828a7863940146a4c021281147830218ca26c82a3b9ff528a2fd2ccb96b050415c00db593c7e24cbcdf17309c9ff320098fdf91ff9d545651bb32d53452e31a1a73a181ccddb20093e08aa5a9252e0708c5c14a54e553358dd7cd5cb2e49497755087765830cd259814ad63fe43619d4f4b482c44a725ca45fcb1a9b022d1a0e470a459aa5d1e54aa24818bb48b391cd30126dd2eca0c35312a8ad36705bdbe80c0b2e06f0081fec634a9806060c6d407e57ceb405d24b4a33832220cc4c38db44c3b43029ed67abd0f8c52040507134cad05b8f2f2d3aa7104570f8dab6dc892aada0beaf71a1b72a5a9b1509a9acdc7712c4c4b5d3f4525291dbcf420c3408585dcc26c6a8eeb2d06ed3300fb5c377026a9af771169309e1748ea75a60606d6ce154e10d098663a13c9b482435089ce63a62bd2b02c1724246bd71129a1ffc9fd4e2bf885789edac1730a5f4fe1b969964243276031c1cc6d685af99ad0746a4ac0ebb94895e27f68405207535903680d8d17a511e2021668607dbe5ca2a9d400a4e2848e0ac753b4cdcca59d9bc6e5e70048907cee07c940fd37689fc36391da018a2a30675c05c6aeb9e2b5fbce2c082357fd7e2ffa3ec23ce78a001af09c7321bd566102689136d0f4451ac346a6e6518b789e1876093591408bb393c115ebe77853cbe084653b0f28b56324fb4ca7b1c5b9df4845e99f520948d5cce500aebe313b8a30ab91cbd53516b8a8b214c04a2bfd6832072403df16e6733c672ea7c327b9d0b80c67ab99cfb9fccd25dc06411bd11f4378fb010ec515a859e774e98136fa198a2ba7d15f526b141c732c2d8b1dd228d7f94f98a1940abf7616ab217a7079c8c70a3319251ef6268fb09cb9643448801a2d66ba705d7d54a08dee3d094d721ae8d29cf0739cb63990c581afb4cfb2e799d316e51e93aad81f52c33400e6b1ba1ee6b20941090052e36a6a10b434e4006621c01118e76f707012e07494b93201cee0d9b90eb9700825c3fb87009c36aa0148f3795d8a5685daf6b9c611140bc7ccef1c000637aa4d0c26bca699e4e1391d984c4b5431b4967a817541024a0ec7f3712d9fd770740d7c4401504a905b52d8d80a05e00a32e9fb0eebd1691ae19909e5fb12c9b313d701121d81f0a851849fc8fd0c9e0903a2828bf87d170f43e37e916a96b900aa0a006be1e7a8790edc05d5bcdafa5c0faecaf9b6d2ca136e3e0627dec413039749e692159422042899c939d8ff25a966f29fc41a99e6833d5e1b1a80f282f7876266cf840dcd86d3decef7477ec469400941f8c625a8b2bcaf24968fc003bd9d8f0da46bf4c468b59a34bc373fe36000c50fcb445a681a972cd45a839680179a4ee74b09afbce4671d1d8840015a1dcca59aca6a979c6b9199e0ca2a7d34e9674be9356a5fa06d16556ae90be0d4f9fa46a65659692884f08f6651b5d3459a49421868e0924cf6de2312432f8da9cf700d9677e10bd77bb3d998079d76797084ec1ad38123046d8ccc43fa5e1e0d0a85c008cbc09541acaa93ac315e8b03cd0d437d7e9f093b5b0439e9797f0ddaaa138302a8d46015feaebc635259f6ab564a420d637062c5665ea3ff3bc01952f1001ca1a9c671b614674d79ad3378e6eb3867837fa250071dbd39fb2fb04213a9a52defa7c2eb6cdc22f4da18a2b88adcafa5aee807a92dfc5eaaf2bf9178ce312965cfcd3a241585df4975213a9886e656a970a042d3473051037918f65cbce09b48141c01e29cc748f3b2d9210efb2278e81f1300f3339c7530b806cc3495e659fd25e131e53053eb85010d3b87feaebc6f741a23c7e2b4b0ec13712b3a1b3c469c0738f186427349689c836853df08903e2f04a69165ec7b371187fe853eced7f128064e219e4f0427f6c75341da0024ff7849ce516dc8eaa2efa50639cdb5aa3fe57af55f72b3364d6ed7a74963c94f528e3f579ef7b53497ff26976bff92da18cc7c11cd9cfbf365e8b5a5b95e8bbc56a542a3f0f9105e45d17752557c5c3b4569ae7b0db5be88a52c03b78f84617d28f6bc766e4deaddd1f9b4c064fa485445cb5ef80d156700ca0deb5054cb4cdb088e1a67134b6d8e62bcf694ce9c32ed23389dca4613e9b5ae88934dd178d11047a03511c034179c8451a5bd2609223ea3087fa0149a535ef8add4c74f4a4bc52fd212fb596ed49c95bb8d17a4fd4a8e74dd2c92ceeb05807846aa0abe45037f2b976afe926b0d6900785aea38000ccd2ccd8579cdfb3682b31fb8d0543a68dfab5415a3134093e3053f287ce72759597151a915864d3826970acbce754a5ff0bc994f0dfd7d346966d5f9baaf541b4bf1ddf1d86f52a9f02eb844bc9e551317a0184ce7e35266086b12ee53046a5d4945f2e41ea6106585dfe89f3278f98cfe52409ae81f09cec3e082a6860d5985c66e2e3b0930e7e466c379c038236d97b200eda23cba592003f7aa65a8ad46fa1ed448fbf562b90cb895455f4963c5ef0aef6afd396986861280993f0b380c5ee8bb0c249f2b8559ae8059ae64751ec2c9bf317402be37f49121a45451174058411bd87391465e709f134697960e24997874ca8ad89f493ececca50db2461a174ee5d6b98a1e5c029e9b0e4770253c167fe7a61968d87d2429ea0ba1d15c3270891264f6dc006021fe6c39b4adb1f4945cab3e23772f67c9dd9674b97f3957ba6f15438a64b02d2e431db532fcb04146bb2ecb68678b42bcdd8cde18ff0df2ab426b8159e579354c2ae1998f33601644d8b90530c588e608babc90e6f2845417c3f2e4a3e717387fe734cf5541f6338b11bc74577c27c050fbf4ba5e732e21a17d16c01cd3698505f0ef0c5e38799803cd952c38237763b1d9c6e6747c0e66f440088de70acecc641065324de07c46d538ce672ca19f3b9200a73ff070925f53e1e3602ccb0d30d244b2071e9232fcd06a68dbd5cabfa4b52953daaf15c83d681aa1f5de2b9761001b7f582763840699ecbe24d3bd376476e0a68c775f9747776ae5cee51c69e69f2c3b2575b19338fe2455f4553e3c0f4d657e06a33ffa1bcbd10e4540693e155ec909d5c0f242e7ffd801f8fc7ed07494c4b4cc9b4f77ed73a0f63891a2f8921b137416a92fba290cc5f9df4a317f3f3a7375b51b58253c1b60557006cd7c9cf93b5eb340c5165450d39826583ec7b9228c966cd497fe8a65a854bfa6be2df8333ae71eef294634550e33555bf0bdb4c297b53567cba3eba5f2f06a81f4b796c9407bad0c01d67867934c01d854f76599ea699689ae6b3233785be686da64baffae4cf65f93fe07750098250d95bf480d828cba42343cfc54894f8acd5f1118cdbb457cf919bcc64ad0c1c8f751fb18acd0e7121caf29f40b961a7850fccfd424ffff43bf17fedff03c84176a9e062dc8e9145ceeb748b9d0deec40157f45a305567caea68f3358a1e645e6d18b994cc2a36890c22a4a3e6db4cbafec07a5028b4ca6ff53ea0bf0c78b2f20244798cc90bf091a72a7315d838f9e5b711c0be1d36232084d1bea6c90893e001bb8a1b028b3437754e686efcac2e83d5918e9c0f55699ecbb29038f9af019157205ce9df02a2ebabaa2896a8e1f9632294cc76fccf82232a3d430423309cdae75009ba6186a6108ce4ca68173a3ddc91a9b9af359194cf34bf8d858d1092987e9afafcb89c05964798051242584971ab018b848db62349b3fe8c4d57cf6560f2e151645eb95be87267eb04b86ab611218eedfae3f2f1d5773a5e776b102ebbd5322a31d55320c68235d4d323d784de647eec8e2589b2c8ddf77b0208f273a6569eca12c8e76005e3b1e3f92e5f14e991dbc07337a43063b9ae4feb56269c69f8fe7b1687058356bff40c303f1a6935a46ada358041ac2b7643b151ca7f2695bf03c00970accce2de70ba34babe8c4d971e073ebfc3c140b56785470a1b6a59ace3040d1254e0c5a082deeaa289cb45a78e1f33c2dd2342fe18f2e81b9aa602e064dbbdf92251d5772a5f35a3e80954af7ddb8f4dd2f87c4118434ca64ef6599863f2328425b1ceb9095c9472aabd33d2a4fa6ba159a932e9595891e4074201786db10d8344bc78d42b95c731a51237e3bcb59de3f3b00475c07e47fb990f079662a151cf24c33bdea1f3392fddeff651e13df7534f2873a16a7e53d760a7eb6cb214ba875fc6e588dcab2dfa292974bc2d39235cea099f6694e17c08c9273681d35ae84b3be72f943dcf4b5546826493f1c81411ce6ab113de966dd6985d5793d5f1e5ecb83c69548fffd1a19e8a891c1ce1a1983d99b86ffa2495c1a7f202b539d80045853bdb236ddef8f7db236d3afb23e3b201b90f599010075d7f8fce6dc900a1f533307da5be4e18d1224f17f02c4d7a2becec32ac8e4ef74da67e1b9826345250fe73ee031b3ea0ada0ec87eb0ecba8e72071aaad732fc08cb057e9e83e6041019e942e362f075aca6d4d6ba84dcc13b97f071062c1564683ecddfa9ef2b779594024e66a509fa2fe02ca7e10fe48faacdff4eae57fca63e8d4148d7cd420dfbfbee96c9687bbd8c2020197ed428fd084e187810dce3c94ec000a8995e05b43e330c18a30035225bf363f274615cb61727f41a1f87477b8e470adfb334d623b3fdad3280b4e22612f88a1cce6d74bf2fccdd2c1a5588179917268ad1099fe9346fbfa45c41f9e752a1daf314cbeb54b25945f2e612e0584da942bac320c5a6ea250527a91043ff16f9397fad98a3081c9f43ae6323bda9a6324c42b511605eca11fe37205a6a6dcc467e06cd6aab943ec0ebbb5b2a83f7e232d6d1a02692be6db8ab0e01c70d3593ab33dd00d61f01311806c4ce29cf962623d9599e92e78fa7f5688f297c0fb5961a38d77f4b065a6be44e037a33cda84fbc4dabac212d61b76b21bc3060d937f94e8569d018283131f73ece81e3e7b256fa35b49ccbaf4e4865fc4fa9aab542b33795ff048e12c2b273f5775cd6cbe8b29873503ed738fa35f6301b27cb41af2ccd3e28e588962e579f95ce5b3119be5f0b50759a60f7dfa76f8b23a0a8939147cd904b32d17b350247685bf30e9ac1e19110ecb10132582f566664f7c9accacbb5f9e83cf1ba49fdcc7568f2c2f00399e8b98adcb11a89fc1f9a1218a05450ea834c385a9e953c3a900ac9aee90a561fb444daa7a31cae9ae246dff91dc774ba84a608d4f00244b6a5bf29388e1c30314fd238422caffb393295e179e8ebf4b5d56e9d01d714e4657f1e98283896b4fc0fa4332ecb3928f5b19fa4f5721e42fd7af8b016f563230f91af75d6c2b75543906cf75c96f11ecbd5ee226a7ce0c02d38b397aa4d04144232d95b9d5360a1d8351ef91ed5bea531d9581896e5c92e991b7920039dcdd27ea340aa8ba87d3493097061698a01442161725c2e7b7feda2509bb40d0c9e6f0f0736511048cc1c73e03839c981fb5a622527d5b769e5a4eaaf44706290423198f67c123c08e7a8c4cb7e40c6ffb999a424fff8a388e6be94eb757f49e7ed3298c26619ebbeea4a58dd0008194704390c9063dd8c246f69aeb6308a1460ac530391cdf9a148bbd8e00687920a8d500cd6abf505153b7fbdb1189d2bc0f57979f664469e3e9e94d5f9615998e896c9c1fbd2d95a2975b15fe06bbe517806cc6aa0663e1969129c014a1537f52f883e7d69d08173cf314a751ac794c0fb536a1dbe8bd3fe59bfac2aff0bf0b87a07c14945fd2f0ac5e49fe08566d4444d2753827dc0717827b4f5a5e861aceadfba94a19a3506b3443853fd376112afeb39358c8f691e55db10942c8eddd7f07e759a11e348a471a669062784166ad87ed0286f3697a2f3d71bcb787e51dfbb0380eb8b63f2786650a691d80f745d921bcdd95251f863d250918969a0fabaccc452eb5470ae64f639548317169e4dbbb54e8a234b8b9c2e122f3b096d3bab294112b8fd60a51e43702a80c7c832155caac6c5d09b3854d375b34c86da9b1516215108697ef8be4ba42173c3f714da1cae31175b9948042526d438338f66faf6338f213413427bb3b9a2c05ead139a7b0ddffb6c655a9eae4cc9cad2a82cce0ec9cc68a70cf4dc92db2d45520d735551c8e2b31b7d08858d9c08549221b9f1389764f3b1469f21583ec7e0cd4f6708c1e93a0b768cbc63122b3eaeebc2e3e5a71db85012da465884f9ab97cf5304055a730abd81fb9d2446be0d62a8717138dceb487e87daeb900cb7a80f73e69080da64790c89f33892e6b16e007c8868ef81cc0ce0b9216a1c73b501685b7250126a9d994c3b0fe151abcc2c265eb724bb2b0b78ff023e079ab60c600b63b23e3f222bb383b2048d9bc3ef99187820435d37a5b7ad519af1fbab384d9c65b0bcafa522df0dc086d51536786a65c69943c2636a70285aa99378de45ddcecf254a74a1596679b1a4087e8fbb6054c0c799b6115ae8d308aea29ec0782dbc9e9ce79556fda4e0424d0bc1d9912300ed57f365e861a38c3eba2c9300e7e0dd917968d9d26837c0f521d1468437fa48afcd0db7228fbb2e9303376569e201fcdc60642a2dba0c356f3f8d33b148721b91e426006dce0f4293d9593ab5583dd97b5b471b86f0db7a3b1a21f5d28da897e79d77cbe5deb502b9d674411ab9e31082168e3e543268f01a479895b86e05e9703a43a4793a652f11696afbb01c48707ed4c2052889602832c99c0f53f88d941423972efdc50527062e0463d7784c069a10f373f939c9a63274bef6b801d97fcfed0a19eebc041fd724fd90c10e84fd783cd97305a1f80d6dbce9de3b3205197f741380af6b7ad0d7568da8b31e90ef2adcb569564246a3bc8d502c20097d9c6917af5b72be81c47d7572406b9c0b83f76416df3bd57b03e9c715fd6d83e858bdf7ab21b5d2d55a25dd6d55b8d62003ed0dd275b74e1edeaa941b4db9d2885e5fc74d0d825184caa2133ab4c473d3bc301dd0b05f7d5d50df0438a608aa955af64a16d3e4128283967384bc18f054e30c90010bcf43a011c41a4493b54ee398d3d1c745135353fc5ca68ec71dd6f9225dc8ddbaee552240c991969ab372abeebcdc6dce947b5773e4c18d6269bd52200f6fc7b4c17aefd5c33cd5cbc0fd061979e0e0b10147bbaeaa3f64a4b93e331425e361de66d00ca625e90c6ed6c7076475a4575610782c0ddc9785fefb3287087266001079ecc711b230dc85c0a84796a6fae5f164af3c81d0d72e0c3f943198cee1ceabd0c27cb9d97c0191e7a9c86456c20fd5c761bdf2bfd5867766d39704330ebae98119accc2417de43b0a9f022cdf333d14a4b4f7ceee342d319020b8fce843a8894fc1c2e57f2136053c0e9d81c35aeec777970957346ce4a53e949b952f99b5caf3f2ff72e5f94fb5773a5fd668974dfab50196c6f81b6dd500da0591d83660eb6d5ca487bbd8c7736ca3422d2f9fe3b30afac5db216391a459aa9298125e87c0d35756dbc5fd6c7fae409df3bf25056863be0573b5d617ab25b3f6f7d6ed895c7087c9179de946ce1f3798d09fb93c93e591ce98495b829fd6d95486f4ae52a3a617db91b7de7a4a32aee6ec4505e270edbf81dc068e8ff3938d3380d6e008b23193ca718380ef594147ca7e37407aa1a7f5320950dbfaaf0b101e4e31062788cc0025c216cbd691cb56b3f708df13fe506fedcadba33f07585d27faf06e6e91a92ef2be8e177b4a7cf0fb5a3e7df87463d84b4237069955998c7f9be5b32dd7545a600710281cd4cf73599853f9aa3e984c95b4720c10625bc5dc07bf90426924939028ee74baebc456da38f5c83a95d1feb9555f8d1550fef31c02d21207a02786b80b2313d28eb530338c7eba61e42ba111cb1830ccb06f2bcb5b92179320d7f3cf64866fa5ad1d19ae5d1dd4ab9d9902e2d957f480334d04d5c72d510f3755a84bee0b4c8459ec9f0084e4b67d90e5ea87dced77d0578df4969f10f4ee3082b04926a3eed39bb6ed0146ecdcfbaeb0f435c5b721b8e8067711d38aed5159f92fb97f36418a66f020dcf41cfe9fe56806a4370f0000dc7a1983e956534c8e2683b403e90f9c13698b3dbb28820660132dd85f7c21fd13711e8d260ab8e186ca241352907a8974bd3f2eaf18cca1e3486e6944569fab6b5891e59c3e7af21cda0d6d164ce0ddd46a4db2843f76aa5ef4e85dc830febb85a2c9d574be097635ac71c82e91e6b6f9489ce1674981bf89ded3a5cc4a8770466b3ff41233a635cee366620edf94dea9173c5f25c84a8434534954c033482749ae4c631c3baa6ab79b2c04d49359b8c2e3597844f5570a66d06c5342d3491a926347a5c7d4a877774103155dbb86206d0f2ce1d82694c9387ad151a494e202f22b029448b63084c865854ee6840c3c08741c6d188938f5a64aaab45667bafc91c002d0cdcd6236506d0e6007e71f08e3c1e69932d98b7a7d0060b54a212180012e2f339983d68dbc60434671cc93c05e9c7ca48bb4c76364befedb8b436e6c21aa44b653eeb823f4b4dc56f525dc0b927dfa1d39d90ab95bf4b6b5386f4dc2a96e1bb31196bab916968bfe5a34338ef6aad940e987c0e0c5f86d96c2afd493f2f3f3b79488747b730c44594a9bece8ad606ce1e1b3c169ef705174aaa9f0bb58fe795f0751c25709b9e393f472da3105c968777adfe027a6593fed1c9ae1b80d32c03b7caa41d81ca7dfab9cbd9eaff1a4b7e945ace1929fb4923d1dbf567a5eb72be8c21225decbc214bbdb76411a2476822c13d816fda82c6a9a90ca34a98cce7cccfe6612aa70754d35639103b82647ff02e22d7cb8814cba5fd4a99b4ddac93a6ea742984996a42c397e531d8382eb5b11f11fa1f9346448b57e197eb0abec7ef3a2e371055f6dd289149f8e3f18e16f5c35dad6508ae8aa51dd76fb7644943dcc18be5708ea6aba084e0d46406a5b084e639b3693e4ecd67008e01ca018366e0cccf99d685b0424d8baed72434cee05d38fb3f9279ce6d54c32357a65eaa3a8d489195ff16198259b90f60ad0d69d2cc882cff7ba92efc49ea4a7fd4888b33ac62dc78338b1365bf920ae42fad0de7d0d3cb651a8d340f53bbd04770d03898abf5a92ed944d26c014a980e688082c47d8b7e4b350d3e0de66d11a9c708029e8737e2d28bd4636c6250ae5d29d201ccbaf2dfd0d132e57a63a63455fd2e376afe9047578be4d1ad2279702d4fdaaee4c8bde67479d0720126340ef35f8ec00969c3832a7974bb4c3a6f966920768fd133cc264b7d5abecaa2d6f91a65866953e25a021c6126a651840035a783443e2e041782b4e025f481a671fa7ced2fbac31d771cca4e773e8e9bba10181725669efd42af3597ff2edd77aa64e0412dfc47915caffe53e79c9420ea6a8a9f969ef6cb72e77a892e352a2b04c8a29352cf49a1c508ade1942f55fc21ddb74a640ee0176126e9efe8fb5686ef41931e40a37a016e22d2382d6fa9d621c204b86da40e4f1150d0acae8f77cb0202a3ee2b8568749869043a53431d328c6bd71b2e480772b5deb616041d8868d149a6609217c6dc7489e5f1872a2bf8ce95d1fbb28cefe7710981d4227ce50c4cfbf843e4a808beba6fc6e44e63b66a2bff834e67cfe0b81d0316c270fe8e91a79951f71cc142f81ca179736911263b41642a4368a900ffc98caa1656fe2879f95f6a053bfbc2c1c4be20696e756816b7fc8526d694fda863707d77caa16db9d2123fa9b3bbaea337df6bca92ce6b31e9bc5e26cdd57fc895ba7372abf9a25c6944afbe9c2b6d2d17751afa605b4cc6ef57c90a12e7159a4834d61accdeda4487ac4f77c9b3e511409bf3b5c82579bbbe286f5610612e8fc9b3b941d99e1dc07100dad72b4bfd3710f0dc4080d201f0d058029de574887e68ef4834c26e89be4b0f90372e0caa6cce73aa446f34ef259aef028d66d04457d08f7cb4ed5a91dc06bc26042b653989313b139b2894f498b91fa071ff33b7216a724ea7e0f603143e366d0ce1855a18abf851173b7266737e16172526d2009a4842e4918969277c5a0fe4c1e51c406284592bd330539a08b35e39f15023ca950997ec32c97ecce86f8cd11f4c1c72aec7e8e1abe8edabe30f70fdbeca0642f6a7f3036a26a9696fb79655de6f2cc9fb3568deca04e08dcaf385217936ebc05136e01b19b06c01dc36a2cd6780b70dad245cbe8ea0b70169677e08ef1d96e738eea003f0393dc7e76d2f219a5d1cd66bd4e8f509377169011d6baaef860cb5d5c3c2e4497319dab0f03b6d7cd53a9d8cebb44eb5c94fceb568d29946770c234b1b8d50700461123e4e059a1a5932f92eaffad96db5c199cd596eac89c1084da5ee8345cd03b83812c72e84da23f79b11d25f4564780d4934a0c1dfac10ce648f4e25d844f4b7c9211c34e29a8f0237a811907524bd1b63ed3075ed0a6f03c7cdf10e40e841438e00d0acd3340fee1d8f80f71641cadb274c0f007009f91efce116c7f7f09d2a80f61439db330abe7707bf239229777c06d99ec17176485e40fbf65626e143110cadcec8cb956979cdd48305f0d961cdf9d6667a6409267576a015b96a8bdcbb92278d15bf7870219c835a5cb600c4fc9a8378c88df3051a67f0145c75d3ef51e21dfa3b5e0f4da9c1336894ca9a5f7543526a5c41b6db4ac9b42cc3ef7542981cd6e882999c787859733046758f87ef232a6cd7c4f70920ada331b7d078d40206121b907524ca1bd0b64d3d76025e071a1a00271fea710bef7d8a467db1300638f3f2eee9e34822cd83c97cb73a2f6fd1c86f9ea0915790eb2dc31f2e8ee17da30afd39d2891780b23b3722bb78fc02005ee2b9578b23f27a695cdee0f57cef7b68f4076af226be6373c5758c357efe827e3f73c79d45985768e8060072588a456c96eb5aaf644b592eb7cd38a483a59c315676d12dca340dd389477ea2925e4b016783b70acee018c0500c189f0fb52d1adee16210a403d4b8dc4c46952eb2e46e08ba07895fc04870ac3732816650c168f00960d0bf2824c062efdff05aa0d7f0fce62861dd57605b082a185cd0cc6d4e3fc211f91bb48026ede5f2a47c58478302d887674fe4fdf64a04eee3e6321a9b0097e41d4ca70a1afa3d1b5c1f2f02e69c363a8f04a09d6095cf2de9fb08ebd3d663f97b6b453e3d5dd123e5e3063f9baf719ff506ef63eec84e41b34acda30b60c1a1e76ea5e6759cea100740ceb4667ac1c0c5994be7e36cb9b26965aa998c8293109c496dcb9f11b850f3426d3370dcdd95b9c5c50c4490e9aca070bb406adc51dd058f694111ae7156d768d7159d92c0c9ad5af198f526887e05f27486911f340fcf99e922209aa0e7c8c7e86fdcebe883faf5f57cfc72751c901e03d893085ca8793c2699d1a7d49a256d78822514ca874063dfe3759fa0559fa05d7f03163ff7233eff5f4f9fe03165453b84eb184bea53dfae12de1c3ad234b4794236e6fabdcfeb90c18e46a9293da1d3e29b4a8ecbb5f8ef72adf22f698afde2d385cf0bcca9c03ef371a9beceb48fc7d0cf45e0aa7e9238c5ef3ac4a83207f63a3bdd6db5a44baaa2fd450e490922a6c1d61a99787405669221f4436817c0c044ed226a7bb5cc32d534fef42c7abd97c7346b346fb3da18ea4710213230d06001f2620191e4f294bc5e9b5670dab83bab11381e4dfbf8d8a07ea4e6782100c2a07cf2e055b63da8ed55f90fe46f9e3f5b8dc0e971cbc383a8b984494e05c799d60cb426ba2ecbe5ca5fa4aee85bb9557d56ba6e56c850e75595db2d39ba52a828fb737821389328aa344d338035cd7f243db6c0c434cd6679111e6fcaa0e0a07117cffb3db27ce544a7a0d3c7015ed7adb8cc20675ae8bf2bab08c369f69ecfc38f2c138e3751ea8bbc99f262a6cbf990713408813968f4516ad636194d3a8dfbf47c4de14500f6917f6f3b00ffda4e9cff9b50207fe3bdffda5953e1f9bf71fccfb3357dddbf7134c8068e1aa7e0d6dc6f7dfd7856cde58b798083b558851f5e1a79804edb22ddada532d573559659e49e1b834cc9caf4984cf4dc911b481b4a73be49d2bc545349684504179ac750cb422144f371a1c63115e0161bdc3e9e8933c79bb82f49561af74ce6ee7900e97790cd47727e1f89b70626489e9f2069dd8449dc81c6b1771a38f53df017f43f3cd2f4284c0f959121a1ed22687801d95b1ed7ebef69aea84980f2090dfd090dfe4ff0a845844018ff7f44a151eb52c1a99f731a471fc7dc7177711201cf1802a75e790268cced961141af2f30ffe348fe94bc783c2f5b8b940524f743f2f07605c025a62e988f233003c7d5b38506ce4ca5010a2186c18b95b9d4b7f941545d3b57f8b5e45da499743758d088324a07fc3e9678ee7af57999442ac0e230ab0dcc7976f0275e4173d42412107aade65f8487e33beff4d50441f658349e7739194de5cbc704b7a07e880d1936f4a767ce649a79a47ca239c46b196050c34ccba855ff97d0643adf96f071ea177de063669241ce8bc5710d9a56876e23d9bfa929088798ac00bef378529e2dcec9f6e339c09c92c5c93eb97d25e73368491aa7b39b7d5419fab7d034da75031846960a90a6b2f227298c7de7a7a11f72933d7d3ae08677827d282115f927748af902fe0813e9cdd12ecd93f6a075f4716a22bda6d1d987119b39fd5de4613b73487ee79d6fe4356a277d15219866f0680d4d4d7c8f06feb84971c1840b48bc6f8316fd87e6908002cd4a9caf7ea669cecf397066261d344694a330930348651e20df6c43071b935dc062d1db0678592cd8860f648566657240461e5d959b4d99c2ed40527d5c289cdfc97a65e4e3c2c0240c50ecf95473594ea9392545f1e352a811a5df57cbf2b828f9f66be42005e947b57e4773c95ae32af23226bebbc89f5ea2379aa9d4488fd07c18ce23afd3773ce728007a2fe1e97b003b0ad5d1900ace9b416df0a75edb3442748d6c62d1a2fa37f55fab09df67b20f308a01b3dfc9dfc7cef712a67b07912e8b037bcc01d7116005f35f5247e63925629e75d2cecb72bdf17c520ef799c6f92045352ed5b785d042702616a494d7b95cae901165de31072d7568c76b1e4d27234cee6d7929761a5ad7e26cfe603bfe60b7bc9819943df43e8233dfa63919cda5994ae6476818026379894736149fa3261180367e68de2293e9a245d512af6561c3f3bd2aa681ff2096bb8501093b8d69da1e13efe96e24f1030894901b3e5dd5f99b6ff0fb5e6db809b706ed294ce93a3aece218520544d8b3b0404dd57fea42d15478c91a073f9793323a6026d1e099794c0597e4ebca4f484e2e47061c348a2ee20f4c26c15de0cee8e78e4a59c6575a396774b9344853f24873b25770e6ef60ef69120d98994c9a4f6a16c139df465339a46980d3b8650dd509ea6f44948c2a298c0ac3c0e23f3bebdefcad3a70de643a70a1ef0a7d987b2e7cbd75260ad396bd650e1bf5ca36cce33b3cff761b7e6f27914bbe79ba2c2f9137be5ce73cce193795021d6f65b24b1e739c10a67461f29154949ed2002f1c7f63c9cb7c9e691b27ce469593d0a7592419c24b4d0f78548d2bff0666d24d5be06e0a36d1d37c5b643a794ce3ca94a372a7314b8bcb1ccd7e32da8e3fddef72399842062014368afa36df409a0a206d7809607b08669efbfc4d234a6f2acdc745a25ae7fc936960029ccbbf28c93ecee56b84a53e919d82af59a7490434fe360416ef9627658f267eae0f267c42818579a205456f7756e4d5b603b7cb99d278df93d93e59636d76a647b6007d13d7fa91cb71ab5f1ddee1940600cccdf2b5ca14ede331a972124a1855f2683e2ef27d7c5f35cc65ec5bc9be90d8848d7549e66db6219b81b3d53b845a9e775c461e5e92d9ee1bb2327cdfe773630e9c959c08c4d7002d97a38fdb65811766666f1ea900a2cbd74b93f2e109a2ca7557fd509fe445cb53ac29eafbc7e5f5f288bc5b99968f6b08689ec0ccc27451830cf4ff422329166d5aa81ff9db2733f21adffd62a6575eccf5e273c7010b96e11940ed7c9e7650de101ca0edadcfcb36be7f7dae4716c7efbb815f407b0e0ddc442eda547b0ee06c0634a73440eb3c3882cae37950b33cc0b9ff358dbf234a6432ed6f71891cadaae69454f900a4d4cfa3a45f8b3494106b6036cbbe13dea0c8691ceb6dc774269341e4916901f73be163f628d62d392b6a020e99c9380736b7674674620f4d8f25db04670d67c1c90b007ec1a230cb60e38f6467b25ba3520224880f08043eb2108ce31b68e4dedc883c1dba258fbbea657be4aebca07623c079bd3c267f6f2e2aa8ff3c07b0171bf2ff9e6fc8ff42685235b8f17eede326c7f5a0edc8c13627da90828c6a69cc99e475f9fb851333d1940fcf918a405e3f7b2cbb1bf3f06b13b23ad9298fa710902d0ec0df4d6bb0f27c755aa687eebafb15f83d4055fcf405d3369dae1754550ef042016fdc90c1a907f055bc59de79faac23bacb4d056f47193f010da3e9745a483f57550fadacfd457338de408fe06ca36833930e9c0b52ecb11b2c3c2237602e271102131c675b3d9d1ed2a49509ac554eccc785391213ef4d4ea31b6e93d581dbf2b8e7ba86dddb134c2dfa006a48f3c29780f31ce66867ac13d71fe1713fae8f6b19edfdfa1c4ca1ab82fc2f1afedfbb1b2a0467e2d28035d5e277eb0cf1d159102dbe87e67c7abe09504fe5ef5d27ffdadd826ce07cc3017c017090b7cf9fc0442ecafad29896bd9e03d8f375bfc8727556656369502e37a4ebc84062c657622a43382667472d7971ae4834e0c9ddcbed0e87dcff9f7918cd1b27b7e471876e0ee3fcac77f2ad84d4d59f96826c6ee9ebd6387313b1101ccfd56ca627a6a49b70d9d270678b4c71622b1a7713ce9d252cadced33c6a74e9d2019790735c8d01caa886db9b63884827dcc8357d240bd11c59788e40e7058bd680f514cf531b5fc2374689bd2f20b3aaa2010c1a3b14d31cad776e31309ad2fae8fbcd595c47f4fa62535ff7696f4b3eee3d954f2fb75578fef1e586cafbdd3515827bfa64545666ba75f5ebee068213681f657b75429f9b19ba2325d9df24b50d7d9c4dd10b37360de500ef32c1fbb2b9f1b3e0d628bcd3d35942a5093ca23b94eb543b686165fc6769ac3badbbdfb8f09f43f25faa73d525448176e99a028a87a9c9381ef33b3bef96c974df4d9db7c1a11c8e893100d17cce0725511e8723e790bc7932a983a1361acd08534b60b866a5b09768e8d72b4cce677404dc9279cde3b683d2570a3c3379ae48bd8884790cda312e6ff8da5d82da52487f535e3d73b054b61c3485e9ce098efe6d8323f3ab538086cf83c925b4e7d0f8a74f2664637948a7b17fbe20929d7cffb4c0ca5f07784304ee5cca46e7ad29c39b2bb8bdfa79f7c343bab93573314eb7cbe416f008eb2d2089e6539e777b79e98cdd009cc2e3ebd21209394d6853e51919eab8240bc3adb23edd234f61e6e8e718a0d0546a8333fc86bcc1b92e99e2c8334c8fd62a7db199958a5788f4e887deaf313d807f5c9f01785755494aba19e2337061f0c1889391244c1fe5d3ce8696c958b07ebe328ef01d810c40bedfdb960faf0279fd4cc15114e42b6a9dd33e03f70e1de2c506174a4eb888727b298246d9783c2eb3930fe552ed598d0b92c125e0453bee05f99c9a4addde41d76e1d939c0b3493c9e0784b13de1dc3dd67940009ef4b7f5388430ea6dde84fb78b272882733f805bd2ebf00e8477ffe0389d459c5c0bd6dd5aa563745cd4b80e13b73337a6f91a4da66a1cc36cc8eb0d2e3e9cd5da24352e04c76ac5eb15978c3bd834b173d0d40504200ce939f7c447a834993e4afdc05c91fe1441cd5b04096f36a8ed93fad96fb791d8436b3e00c8fb57cfe5fd9b1dc8b3483ebd76d01c384274470224b80fbb9bb20bf3bab735272f11753e7bba20cf006c676d46b6903eace23fcccf3c9278c1716d27dde420baad59c2dfe96c301fa4383fe7a72e98ef51dfa426f35032b8739fdfd530bc7983bb115ff28d1a78ef1a77ff9a2f82dbad244401b39a02edbc5e9ba6e51ece6cd61538c8719e120a4098e6b191f7d0a03b88e65e2cba493b7a84f0481fb4b7ec029b4fab8bf2378523d748e8df2d23c558c467cd4fc9ab49009f1a9497a33df26ab85b76073b6477e8813c1bb82b4f07aecae2a33a591f6b95772f9083edc164be24b067f2e1ed9e7c7cfb523ebe7baef2eef5b682331ff7f72b0429afb71c38003453490dd3000591e50e4cef0ec0adc33aac20955800b4ced61ac0b05d99527c5c941a38909c7f12062807ec493369fc806408eede6d0ad13fb69bd7a6de8d237a1dcf4f27c352e1ebf433dc7de5989073c7b88e9be532d6754d57a7728a9b83c75a246b7f533a7cc31aa596bbe6e033e0db76596de76c2b2fafe81f270165e491bc1aed92b7e383f27aac0fe788e6063a64a7efbe3cebb90bb9239b0fafcbf6c31bf2a2bb555e74b5c9d6c32bb2f2a8459e4e3e423eb6aa40debd7c21ef5f13d82bf9f4eeb50aa125348ea09c59fcf46a33120b50089ed0debdf029c1d622fcda982c4d77c9f204e7a1b44b5dec37f5633487ba23835f5b109a4c9b6fe9b6abfa22329b07ecce8214bbdf8cde83f48cd33c9a46358f9433872368bc83220164f9fbd744f04efb7bde04b7000b6f03e66e6a84f7e0f3ddad2c0f4b7dec571968afd3dd169646eecb133420e73872c2cd366121527411a49b9bb2014d591fc0eb0062bdf3b66c3fba2dcfbbef00c21dd9edbc2a3b0f9ae579db25d9bedb006992bdaebbf2baaf5d5e0f74c987b121f9383e22efa787e5dd14b475a44bb6fa6ee13b7a11843c96f76a1ab7155808edd33b3c7ef742fddb47d5ac2dd5b210562a388b2ce9e39eadcec83a02a9056e1a37f640461f5d9358ee0909ef8fe0b6d34844df1134af754cca2d60511fa7f0cefbea870fddcdc4b9db89c1e421892628de1e456f97c23b32f2064667082e191ee1f0d6614e0eabf0b3f89810f5ee8b84e8d30efee09b4d19ba6d2f37105d425eb632de296b533db23ec5d5351db23c80b48183b00f1a65e65a4cc65b0a65f67a5c566fd5cadab54a59bf5929db6d0db27baf4976eed4cbcb8e6bf2169af6f7c4b0fc3d3b25ff999f93ff37bf24ff9e99918f93e3f27e6a485e8ff6c24cb6217de8d3fae2c7bd4d05f3fecd73f9f0e66500cd81fbf016a69281c96b9a43a76121bc4f7b4e0c1aa34a42db01b44d04548f27bb741512e7dc8c23ffac2efc59ebbaa186fd93b8fdc00270e1935ad567c8af205d4a90497069bec29fe6ee55a3b78bf6773bb4c940d9d4c0005c42e378ff37e7273fd33e823bebf2456e5bdf7a254fd7887389efca689b2ed278328a1e3a785346db4a65f4ca45e9ab3b2f7df08b53978a65adad115a7657f6fa1ec8abc1767937da279fc687e55f1323f29fd959f9f7c2a2fc67614efe77711ee7b3f2f7dca47c9c9e900f53e330a1bdf2b4af5536f1f9ac4dbe7dbeaafeea030291644d734290eaef5e3b7fb69f89d4fcee85cbe1682259a37c8e806a03a69e8b26e747dc6e12bae7e6709bb4c44f473beca6e6b9a9a2bb11e966360ede019bfeace0d25d238643349acf9d71d7add2af3548bda91fcda6834988e12dc3ccc71194699ffab840cc74aabf4c3b2ae539dfc8fd1b85ba1e9bbd922b7138d5fc31fef0d2d02d5944c23ed3d12433d0bac5879764e3d14d7901dff56ab05bde0e0fc8a78971f9f734b46b7646fe359790bf67a7e5d30ca0cd8cca9bf1010f0ddadbd1206fd6a63597fb1b51e03f827bbf17f936824b358d7fef25f2c08fcf9d797cbde5d217aecd7b3c4168add146a90bb0280b239dd25c793ea1511e5c22d6f86790847740f78b82b05696b43891b917cfd3e88bfca41f02b36d3178d307cee6d2a30bf735d7f3c14b04cf6b990a4c66e65f09b3ea520c0fef9cb3f5d5a53f4adbf53c5dd533df7f5b96875a1520857355667a2ecb5ccf1559e8b92a2bbdf04dfd6db20b8d7b3dd42d1fc687e4d3d8b0bc1f1d90770854de4e0cc1248ec83b042a2fc77ae539b4721bb209f3b8fce8b26ca001df206860798ae6ed1da2c30f6f7623607fbf27b45de7db342079aabecdc029b4948a0b13fbd79b1c099895ed2584fd537de8846d0a8cdb8350eb16473b6502bfbd38fb5bfdcfa9c0fe2f705c14a21aa737a4cb72c56102a356d906d85a6bf44ba6a2ca879a46772dba41048f5ce0e1ef449575fa90d3aa14ffc6c7bc215f78eb670d82ceb98ec1426b5dc98fd2751ba6b1b35966b93863f0964e75a0f62d70d3d1beebb2d47b4d56faefc8d6c03d35793b00f262a85376c7ba93e4d9d043d94100b28348f319829a6df4f4cde17640bb23cfe6fb74dade8717800068eadb10fa270724d040e4704cbc930291bd84a645dab6c381d3252d1e131ab7679c1dba07687775f1e3343ae20c3a1fdd014b7ebc071fdb2ed4ba7f0297fa587d9c994aad74a4fb756e36b5ce4362c34680f6397e069451a8f777915fe331309d1984e8fd9d0b82f89d4830f1fd5cdcdf79a74cfa11b04c75b7c81c4c9b2e69e22a9de1565985295d43feb5d6df8a08f39e6c0ede972de4644f47daf5fc29e06c23a9df4614b73dc189b5fd881c07657b12a9c6448f6ccff4c80be4869cd2f771979ab49312fe131a1fef4439dbdf01b850d3088cf54f6e84e3e6934ce94caef911a76953fdb764b2f7864cf65d957b570b847780e4ddbad8e6068e60786ed0ec5cef8412004b02974ad47c1d4d26af139acd4ab62f3258f625a16880c33422c8f50c1c4d25b52ed2400f4e83200f9d4112e7a734c47f93f65b85baa3def8a34b3add81feeec9985ba9c305205be30fe5e9788f6c41bb78a43c031c5dacc15c0f81c1ee22d70accf849aaa33a656e9b73325945e194be5d46863b1a8044f29691a52f6b79f3b85f419aa691d0b84a88d0741e092261f3696ebfb2db4875aee83d12b4f0ee2ddb7eed678f23987c6d4a6ea7e0525550df000917e03b71fe2cf58bf6137daf377d1a85b21ce6fd596a74991c65fae08801d039f7e36b4b4ec9a31b253274bf4646114cccf4b4e8827dfabcb57198bca94e1d887d36cd518141c062396cd295cd1ecfe870901b9875731e77572675fb5f2e82dcdb58d0116a2d1e7b706626692223702f5dc89f0a8e3ecd348db3b6b85bd193e96edd8698c195ed5536027fda7a253f6adfd4b6d56b81e53251ed4b614361154535cee0999aee77ce0fa246845f66afb12f49fa7242a679f5e05c22ef6f09edfd9c0b580ee9b90b540eeb32e40c2e45d6c9b42c581f02bce3d2792d4f06ef55c85847bd4c21eaa4f63d4148cd65564f610a77389c333fac33bf582ad309b61c45e7fc102d9b715af8845b453337a8bbe4bddc5cd408d08163d4f802c0108cbcddd57cedd36b5fce02b87f216ffbf75e029e699b9ac7278436ac9aa6bbb0031a7700e4b68e5cd43ff8b049aa4a7f491a25b1b67245fa009615437c9bba6b7e603a82772859e35c437dee14ed43b3cefc8f7e61eaf321c05052afebfdc199c0d3349e76dae62a2916617a707eddb8f64c9a5d249e3570e63ddcd6be1d66138dc1553f8b7db76595f0461fe9fa3596c5380582ebd4741dc2caacce04e364db3d68186787ada2719faf4cc8eee682e659ef7612e03ec09fa9a6e1c8249bd054d314d8ba02233c8b20a96d9cb9c58d0338f147775c47a44af3c8cd52fb1ed4ca831b655289449bdbdab32a62ed61517a228a7760f8bc1b2a3ba4af77e2a27d9a576df3f4141f671fc20fb6eb21048b224370215ceb04fb3dd6cff2df61e37e9f4b32b8f0bbe9772b727f9047d70b65f441b34c7622d783c35f42c4c665581b68340ea8b296b933cf55a41cab1bd689b3dbb36e1931075a096ee7f198827bb3eda61fb8a198ed44aea6e09c7974e0a0717bab91796430c268947e8d79da93a95e5d91c3bd35096d12516f7f7bb53496ffae3e8d957f6d93a013db5c9c50ec966ce1b5705304c2540e4c07c2c6b5ca49122cbed1bf41bff0ac6bd0109c3db6f784e022681cc94d4f74002da3f9c0458575cf3309531cfe86f0bb785be7d6abb91ab04c3c6ad6aaca128bd3f0795c5ecce5c11c15a76c73a916776498ee948d89769d0ebe8628f3d9aad3386a9b4685ac2dc214be8586b1f24f78efde6c22aff3112443ff6090959aa67b5b6ac8dfe7a08d3ed46d88c7915f76dc2a9278fe7711b0b04d28a14bb120d0b42e7a4ddae7d7ac2d145ca8112138bd0b23555b6b99be001d7eb087c9fb9786f0c31f187e59ee052e99e5aa4bbece7f8616ae098ce9838319be971242a3f04683a559dfcacda66c5d2839d6d58c54016673e0b66a9f2e981c7900485c0cd90669951544778b08c5e77aaf68edf3d9ca980eb9bc4360a21aa4e036e4edeb4d790f0dfba0e22a2384f6116652e7900034676cedaecf436b39a17540579cd23c72fb2a6e4d7cbb25c38d6d72fe0ecb54419be800b2d79c68169ca55d5ea2f6e551db3cd19e1127f088c0e9877ba7a849779a83a8156b7e50ea87e07a7eba3303a98d4b09bf48450ba46e4c89cb6573bc29dc379ae2fb69dbd33e4f4edd9db0dceacd968a3fa5fb0e12f507750858ae42aec90c0217958797640a41c118f2c091d67219bc13d7d5324fe7911eacc2ef3d45e20ded318dfbf88ad0dc312c1ad33c121a0bc67b5b9c7ae0a61d6c2e0caa5f539f36784706a1fd97aacff9ffc63674bf95bf9d10c291ffc479029cc132a0769e0a5323ee749a4aef30c3062230536153550d5cf6a11f4a786dffd7b845e9d43c02b4cf4bfd5cd3f0d4f747afe3637498121cb957cab5ea3fa4f37a91f4df8dc9f0dd4a19e67e2a37cba51bd71e5cca96fb8de765b035264b53c8fb96c6d4ccd147d97c133587814f0bc1112c530642d3b9222be3b2b93c242bba58f1a1168d871ed64b7dd94ffaff389e69ff256c706d4b7fce6b918f5325498c4fdaebecf9a44894d7080ed70fb8bc29d148164018bc541b6c3d5f37c784c63151b646354985685ac9ea36b5ae3893d3a9137b14877f32fc8cf073d4c9dbe423ff5a5e2fbe7858aa72bfd1b5d42dc53fcab5d82f72a3e277b955f5a75c8bff2a57e3bfc8e5f2df64a4032615c93a27a1b2f8ab4bae0c1c0171603418a209ab220c62e813b711f66f2071e71d47188810da7067936e05929bfe05cc384752822d438290dfdad05c915d338d0b95e5b3b60fda46df4b5369f3fcc306a7b0c7871fa45f12342cf32b9df3a7f301f78f34a3cf4c77f30353778473fb5b25bf36f5bd89c144a605fc1e26e7ae71744a205e17e34d962e7e25b505df4963e10fd2a8104f4843d171dd1bac1e32d27349566790ef3d9e52700c30084601d19719b8978c301dd04f789e2692d076d610f62f0eeb66344cb0a7076f688014cf3f8e8e79582597bfc94330cd529793e2c7343af7e79126f9f64d403cacd3256d5976d8b9f9bcf371e97e149c447dc3f1436c7162025c029003677b72b8bd179d24466d9380e8eea789d94a9cf0a2ef4db92354286e8f2bf3739ca7e91eb38aa37f229d0d864e0080bcdd346f20d85cf293b4949d942bf19fa525764a1a4b4fc8e5aadf6572e82692e4019dcbc2a4991a67e0928bc70c48dc750ed170dac1de261720321821b4762d657143d4b29c1fa286b7468f20b0cd68fe184107cf6bddd756eb06cf9966d1aa65a51dd199741c6476cbb2dd6b743cd42bd5010b045cb4e34c20b5d0344e3754533becbed8699b7b8ded9013695026030fbf8974a06d06c2ee98118abb7b542809cdb3dd77121b5327cca4990e050cf8f19c2f151cb7996a8e9d54bf77ab2e4deec3c7f5dca994b579e478cba3f06f330aee2da790bf48f8388516148ff9dc5bc07d09dfb6bb36addb40ad22ad981fbd255df7caf4be370e5a62848493a03893edc2597678d7767c8ef02eb0ec4750663e75469c6b570e9b5930e8007290dac71ae6fb52acdf0155eb2040a18fdbcfd6868d451b9bd8003a79a1b92d112a601449471d1448d9f8baf8fc1fc085f770e367ebad4ffc67daac5efd8d013c3717e30bbdc74d0d4ca5bb03e429b9517b4e6ed69d9187570b651669026f4bc6bdbef660f2385e464dfab8bb02489b3a6581d0c292164b61afb83c0a66f5d9f298e66b0b48f4073b6bf5d629a669da3e5e835cbd95a3fa9c92e1761164b589f375dc35d796511e8bbc95d321691215a6ffbc10506826435fa9e0a85dd678910ff312c2b30f09b588a6cea085fe2bf576964edccdf46c36aebe0fc1452e73bbe0757a035a3f8fd03e3bdc1a90bf2b8447617a5095fb7504af39f6935c87c6f53fa8d769035c8fc66d112da264d0c1fc8c33b59c6f4bae43ea7c91ad059d12a8c563e47f633dcd5201df19b6856acd994389119068b4c31516dc144537f12af39c9f02c26b3485671d686a9869ad9ada34ce5b7569c47ee952029cbf10368a81731f94e8056aab3996e4378376f78d39a28bed186cb0a1092601ce072f5c36a4d1a4dff2c1a0f01666597c4d020ccd6d81eeb29358b112ae64d90f1c5fc7dd7a2a72be929a7c04292527e456e305bd370fef39b7ad733567e4e5064b5d2e156072ad49b69f6a1746926e95cd9c4e13e4bdebb8a9daade64c358dea6bfcf7aaf6f822828de6abe679e1c032c172484c35f39cd3b88c336ee7a56c05e4a345f5694715b44ec4c273992ccc736601bfeb9fc0e913de8f98a335a7686aaeeacb528e9fb0c946d65b906431bc0f96bd665943bb22b19950b7e543e28e18aa4dbe1344818c174b17dce4d0c473a9d05ca7739d227ef118c07dab5bebb2b2c23d269f72339bc713eede3a5cc8b1e3f642d15216f3b620d926b8f7cf6026b758214124b930046debd41b37d1af459ac182b9ceb739e87c1bc1f981e350f3dc98e4611d1db12a11fd2061e81c1d6aabff9c4c35a9873d646a24cdeb11bf00c7078f69f47b5f244ca5922418efcf427b1a9a4b9e5b31948de8eeed99ece3dcf6465e7b7cfec51bd99939a598b9e4eb39844f09c1a9fffc6c31c4fed09cb8ef2e85565722c2bc863c6e79c2dde5916bae69223528e154058031b348097d9b55fdf93aae6173bead4d1aca7f4ffa3e6a929b5bfa3f627350f793a47aac1f05318db46b9c35a71d4195836012b3c7094cdb9f33ea6852fdf71fd01fe27d998a7fc2cc11ed2d9da781b3cabd016663721a75e8b774db761c35ef32dfb4cfe285107692a9bce05e63d04368fb99496d4884d005da910ea91fedbd5f214b63ed307583084826016d36da228aa6d05281d0afd9641f1bd1de5a9ad0b2d6a3dba5fa3becbb340ff3e38cff0d92f93d83144dd320c0fddee3031b9d31e767935bb01381e4ba0d826344196a9669a09bd97cd883e3075175a9b2899b43a80f84a6f02ec3c51e0401728b757dcca830d3ef7cea234305a76635b164489f0ba24f07cf8294c4b554681a8571b52b1b9350d35895f942b78e9f1dbe214f667b65eb316b93931ad2bf84f97bbfb30c53b814a502915fe3b43a2eb8f7e0f6d6a6641366929b7fc7f24f4456c9c0b95c2cd93c9a5f8bc618fd44297b4e270207af4f7d8f8a45a501b0109c45a7077406739a691b21523d13c1080391c8deea97bbd9c79c3aeeee3ef8a5146725eeba44101639ba249b814a22ea741a97b8fbaef93a57e7e367ba3cd169a90b3ad40772942280467109ae4f6429f8dd25f8dceebb157a07e375e46e5bcb83ba648a83a77b08365e6d208fdb9c411e47b3b9080de382fb155dc7cd80843e902b8398f33d9e6c9796eabff09b127140088fe17ca84951e3527bce38ff164ed1d07513fef5f61e2e9a09c1f3b16a9e41520de435a738fa1e581735952e72a4b8d034d43eedd9cc49141a7f905365be4ea7aba73b0821388b1c0d8a9948338b1154f823dee597d7151cb59cc724ed2334e66f3e68f251990b0a1215080da4f09ae6eadf656ee4b6accf75c9d662af3c5dea577004f66e7b5e3eec2c42bb9620cb78bc0080f300b8a4e03864f3926bd856dc5404d62175c1e63ee6d9cc6568f6a2c64f319526e1758365b3017422d569075b039a2453e97c208317bbe67c9c97a4ecfdbc0b48b441ceb90432fa71ec153e69cc4d63a27c54b52cccd10c8e99481ed56ff9733e47135a9af375042e348916a884014bd8801a52fb729cbd9e937b07ba6b6465b613c0fa204edb5e6f32e976c27d2a3587f3a25b5a00de9b2d17bcbc5c9bd17d96e7273ae466ed79d771d3fcd096ef30f61b742e0d2d5000c734cc20ed772dd5c785938429062ed55c86e71a557e26698c60dc8f75d758f04c5e276755709a102ef2e7adb8d4b7796dd3c043fd97d31afa2c86d3eece166ce463ba9c38971b076431654880d20ea1fed3e52fce841e893a53543ff5bf2f0fe69ce69af705589eba05dfd423cf1e0fc0b7b955a57b6ba3f2627554fd160111942d257623dacb80caeaff986c2e32fcef9191deab5296c1f98f2e9735bfa68b33fd126bb7432073326f910821d028036ad3f0c3f6fb27c9f01dc120d9c2d224a8481ff605c749a95adc3cefc0b87d4bf861892f6072685a9a07080a2d87d07c90c29dde580ed39b0239ed2ab9e816a9f37d045898cd75e307756ffde8c64181563938f4636101c0f935e7d39c99af8bfd2c93030d48b66f2205b8076883f20210f6d62735a2dc5b1f437032a6e7068e338edf6f3f86b974bbc6bed95c5468abba0976bbdcb99ca7253b0dd4f85bcefe8f4b91088c668bf997e66278ccb5151e5608cedaca34cec508a9a0925f1b5ab6089c8799f86c4495d1564e0c4c7c6359e24d4dd3bcc1372661451f78d63da78d97cebc8c775b6234e992eb28d4f7c3364cd28b835d19387d81818b6d206de6500b00e71d3816585d1ae20ab1bab19b2e36711ac051f48aa213323d78596686afc893e90e98c701401bd54892dae6c401a49fa3101ea1bd85d97cbd3987c7dcae695e47b597273b647ae896de0fd5d224eb20ec44d432d578b40567ac45404e279f87300cde3f99cf1066d22461ba242ee3d6cf3dacb3e09c093d6c093883926351b2e7401ed16bee79df90c1ec2c1759ba3fc406a719a4bf32df66e07487ef4cde2699af71da677e82efb33c4d35edbc2fb2fae7d940acb4f3fb5806a283e68212aed173ef3f28d5a52764e061a52c4dde92b5992ee46dc30037e1a34777235bdd09ddb669da615032affe8e912543ffe72bd4c84979323f20d3a3b765b8b74523e11cd60cfd6fd24d76b4a3bacec4dfe52afbc91af24fa25311b9e8c5834b95101885e043ffc944df5556dc72efff0f15538bca45b0e6360000000049454e44ae426082),
	('Kent', 'Faculty', '1', NULL, 'kent', NULL, NULL, NULL, NULL),
	('Lucy', 'Student', '1', '', 'lucy', '1349603', '', NULL, NULL),
	('Macy', 'Student', '1', '', 'macy', '1356234', '', NULL, NULL);

/*!40103 SET TIME_ZONE=IFNULL(@OLD_TIME_ZONE, 'system') */;
/*!40101 SET SQL_MODE=IFNULL(@OLD_SQL_MODE, '') */;
/*!40014 SET FOREIGN_KEY_CHECKS=IFNULL(@OLD_FOREIGN_KEY_CHECKS, 1) */;
/*!40101 SET CHARACTER_SET_CLIENT=@OLD_CHARACTER_SET_CLIENT */;
/*!40111 SET SQL_NOTES=IFNULL(@OLD_SQL_NOTES, 1) */;
